"coffeeId","Aroma","Flavor","Aftertaste","Acidity","Body","Balance","Uniformity","Clean.Cup","Sweetness","Cupper.Points","Moisture","Quakers"
1,7.83,8.08,7.75,7.92,8.25,7.92,10,10,8,8,0.12,0
2,8,7.75,7.92,8,7.92,7.92,10,10,8,8,0,0
3,7.92,7.83,7.92,8,7.83,7.92,10,10,7.83,8,0,0
4,8,7.92,7.92,7.75,7.83,7.75,10,10,7.75,8.08,0.12,0
5,8.33,7.83,7.83,7.75,8.25,7.75,10,10,7.58,7.67,0.12,0
6,8,7.92,7.67,8,7.75,7.92,10,10,7.75,7.75,0,0
7,7.67,7.75,7.83,7.83,7.92,7.75,10,10,8,7.83,0,0
8,7.67,7.75,7.83,7.67,7.92,7.83,10,10,7.92,7.92,0.1,0
9,7.67,7.75,7.58,7.83,7.83,8,10,10,7.92,7.92,0.09,0
10,7.67,7.83,7.83,7.83,7.92,7.75,10,10,7.75,7.83,0.12,0
11,7.58,7.92,7.75,7.83,7.5,7.67,10,10,7.67,7.83,0.12,0
12,7.67,7.83,7.75,7.5,7.75,7.58,10,10,7.75,7.75,0.11,0
13,7.58,7.58,7.67,7.58,7.67,7.67,10,10,7.5,8.33,0,0
14,8,7.75,7.75,7.58,7.67,7.5,10,10,7.58,7.67,0.11,0
15,8,7.67,7.75,7.5,7.67,7.58,10,10,7.58,7.75,0.12,0
16,7.75,7.75,7.67,7.67,7.58,7.58,10,10,7.58,7.83,0,0
17,7.5,7.5,7.25,7.83,7.67,7.83,10,10,7.83,7.83,0.13,0
18,7.33,7.58,7.5,7.75,7.75,7.67,10,10,7.75,7.58,0.12,0
19,7.83,7.58,7.33,7.67,7.5,7.5,10,10,7.75,7.42,0.12,0
20,7.75,7.42,7.33,7.58,7.67,7.58,10,10,7.67,7.5,0.12,0
21,7.67,7.67,7.5,7.33,7.58,7.5,10,10,7.42,7.5,0,0
22,7.58,7.42,7.42,7.83,7.42,7.5,10,10,7.42,7.58,0,0
23,7.92,7.5,7.42,7.42,7.42,7.42,9.33,10,7.58,7.33,0,0
24,7.5,7.67,7.75,7.75,5.17,5.25,10,10,8.42,8.58,0,0
25,7.33,7.33,7.17,7.42,7.5,7.17,9.33,9.33,7.42,7.17,0,0
26,8.67,8.83,8.67,8.75,8.5,8.42,10,10,10,8.75,0.12,0
27,8.75,8.67,8.5,8.58,8.42,8.42,10,10,10,8.58,0.12,0
28,8.42,8.5,8.42,8.42,8.33,8.42,10,10,10,9.25,0,0
29,8.17,8.58,8.42,8.42,8.5,8.25,10,10,10,8.67,0.11,0
30,8.25,8.5,8.25,8.5,8.42,8.33,10,10,10,8.58,0.12,0
31,8.25,8.33,8.5,8.42,8.33,8.5,10,10,9.33,9,0.03,0
32,8.67,8.67,8.58,8.42,8.33,8.42,9.33,10,9.33,8.67,0.03,0
33,8.08,8.58,8.5,8.5,7.67,8.42,10,10,10,8.5,0.1,0
34,8.17,8.67,8.25,8.5,7.75,8.17,10,10,10,8.58,0.1,0
35,8.25,8.42,8.17,8.33,8.08,8.17,10,10,10,8.5,0,0
36,8.08,8.67,8.33,8.42,8,8.08,10,10,10,8.33,0,0
37,8.33,8.42,8.08,8.25,8.25,8,10,10,10,8.58,0,0
38,8.25,8.33,8.5,8.25,8.58,8.75,9.33,10,9.33,8.5,0.05,0
39,8,8.5,8.58,8.17,8.17,8,10,10,10,8.17,0,0
40,8.42,8.25,8.08,8.17,7.92,8,10,10,10,8.42,0.1,0
41,8.17,8.17,8,8.17,8.08,8.33,10,10,10,8.33,0,0
42,8,8.25,8.08,8.5,8.25,8,10,10,10,8.17,0,0
43,8.17,8.25,8.17,8,7.83,8.17,10,10,10,8.58,0.13,0
44,8.25,8.33,8.17,8.17,7.83,8.17,10,10,10,8.17,0,0
45,8.5,8.5,8,8,8,8,10,10,10,7.92,0.12,0
46,8.42,8.17,8.17,8.17,7.83,7.92,10,10,10,8.17,0.12,0
47,8.17,8.08,8.08,8,8.08,8,10,10,10,8.25,0.1,0
48,8,8,8,8.25,8,8.17,10,10,10,8.17,0,0
49,8.5,8.17,8,7.75,8,8,10,10,10,8,0.12,0
50,8,8.08,7.92,8,8.08,8.08,10,10,10,8.08,0.1,0
51,8.08,8,8,8.25,7.92,7.92,10,10,10,8.08,0.12,0
52,7.67,8.17,8,8,8.17,8.08,10,10,10,8.08,0,0
53,7.83,8.33,7.83,8.25,7.58,7.92,10,10,10,8.42,0.1,0
54,8.17,7.92,7.92,7.75,8.33,8,10,10,10,8.08,0.08,0
55,8.42,7.92,8,7.75,7.92,8,10,10,10,8.17,0.01,0
56,8.08,8.17,7.75,8.08,7.75,7.83,10,10,10,8.42,0.12,0
57,8.08,8.08,8,8,7.83,8.08,10,10,10,8,0.11,0
58,8.33,8,8,8,7.75,8,10,10,10,8,0.11,0
59,7.75,7.92,7.83,8.08,8.08,8.17,10,10,10,8.17,0.12,0
60,7.92,8.17,7.83,8.5,7.5,7.92,10,10,10,8.17,0.11,0
61,8.25,8,7.83,8.08,8,7.92,10,10,10,7.92,0.1,0
62,7.75,8.08,8,8.25,8,8,10,10,10,7.92,0.01,0
63,8.33,8.17,7.75,8,7.75,7.83,10,10,10,8.17,0,0
64,8.17,8.17,7.92,8.08,7.83,7.75,10,10,10,8,0.12,0
65,8,8,8,8.17,7.83,8,10,10,10,7.92,0,0
66,8,8,7.92,8.08,7.83,8,10,10,10,8,0.08,1
67,7.83,8.08,7.92,8.08,8,7.92,10,10,10,8,0.1,0
68,7.83,8,8,8.17,7.83,8,10,10,10,8,0.12,0
69,8,8,7.83,8.33,7.83,7.83,10,10,10,8,0.1,0
70,8.33,8.42,7.83,8.33,8,8.25,9.33,9.33,10,7.92,0.12,0
71,7.92,8.17,8,7.92,7.75,7.83,10,10,10,8,0.1,0
72,7.83,8,8,7.75,7.92,8.17,10,10,10,7.92,0.11,0
73,8,7.75,7.83,7.83,7.67,8.58,10,10,10,7.83,0.09,0
74,7.92,7.92,7.83,8.08,7.83,7.92,10,10,10,8,0.1,0
75,7.83,8,7.83,7.92,7.83,8.08,10,10,10,8,0.12,0
76,8.33,7.92,7.67,7.92,7.67,7.92,10,10,10,8.08,0.12,0
77,8,7.83,7.67,8.33,7.83,8,10,10,10,7.83,0.11,0
78,7.75,7.83,7.83,8.17,7.92,7.83,10,10,10,8.08,0.1,0
79,8.08,8,7.83,7.67,8,7.83,10,10,10,8,0.12,0
80,8,8,8,7.67,7.75,8,10,10,10,8,0.11,0
81,8,8,8,7.83,7.83,7.75,10,10,10,7.92,0.1,0
82,7.83,7.75,7.83,7.67,7.83,8.58,10,10,10,7.83,0.11,0
83,7.83,8.08,7.75,8.08,7.92,7.75,10,10,10,7.92,0,0
84,8,7.92,7.92,8.08,7.83,7.75,10,10,10,7.83,0,0
85,8.17,7.92,7.83,8,7.58,7.83,10,10,10,7.92,0.11,0
86,7.58,8.08,7.92,7.83,8,7.92,10,10,10,7.92,0.12,0
87,7.75,7.83,7.67,8,8.08,7.83,10,10,10,8,0.11,0
88,8.25,8,7.67,7.92,7.75,7.67,10,10,10,7.92,0,0
89,8.17,7.83,7.58,8.08,8,7.75,10,10,10,7.67,0,0
90,8.42,8,7.42,8,7.92,7.92,9.33,10,10,8.08,0.1,0
91,7.83,8,7.75,7.75,7.83,7.83,10,10,10,8.08,0.11,0
92,8.17,7.92,7.75,7.75,7.67,7.75,10,10,10,8,0.11,0
93,7.83,8,7.58,7.92,7.92,7.83,10,10,10,7.92,0.12,1
94,7.83,8,7.83,7.75,7.67,7.83,10,10,10,8.08,0.09,0
95,8.17,7.83,7.92,7.75,7.67,7.83,10,10,10,7.83,0.11,5
96,7.75,7.83,7.75,8.08,8,7.75,10,10,10,7.83,0,0
97,8,8,7.83,7.83,7.67,7.67,10,10,10,8,0.12,0
98,7.92,8.17,7.75,8.08,7.42,7.83,10,10,10,7.83,0,0
99,7.83,8.08,7.67,8,7.75,7.67,10,10,10,8,0.04,0
100,7.92,7.83,7.75,7.83,7.75,8,10,10,10,7.83,0.12,0
101,7.67,7.83,8,7.58,8,7.92,10,10,10,7.92,0.11,0
102,8,7.83,7.83,7.92,7.75,7.75,10,10,10,7.83,0.12,0
103,7.75,7.92,7.83,7.75,7.75,8,10,10,10,7.92,0.11,0
104,7.75,8,7.75,7.83,7.5,7.92,10,10,10,8.17,0.11,0
105,8,7.92,7.75,7.75,8,7.75,10,10,10,7.75,0.11,0
106,8,8,7.75,8,7.5,7.75,10,10,10,7.92,0.12,0
107,7.92,7.58,7.83,7.83,7.83,7.83,10,10,10,8,0,0
108,7.75,7.92,7.67,7.67,8.25,7.75,10,10,10,7.83,0.12,0
109,7.75,7.92,7.83,7.92,7.75,7.67,10,10,10,8,0.1,0
110,7.42,7.92,7.92,8,7.83,7.83,10,10,10,7.92,0.1,0
111,7.92,7.83,7.58,7.92,7.75,7.83,10,10,10,7.92,0.13,0
112,7.83,7.75,8,7.67,7.67,7.67,10,10,10,8.17,0.11,0
113,7.75,8,8,8.33,7.67,7.92,10,10,9.33,7.75,0.15,0
114,7.83,7.58,7.58,7.83,7.75,7.67,10,10,10,8.5,0.18,0
115,7.83,7.83,7.5,8,7.83,7.67,10,10,10,8,0,0
116,7.92,7.83,7.75,7.75,7.75,7.75,10,10,10,7.92,0.12,0
117,7.75,7.75,7.75,7.42,8.08,7.83,10,10,10,8.08,0.12,0
118,8.08,7.75,7.67,7.83,7.5,7.92,10,10,10,7.92,0.1,0
119,7.75,7.83,7.58,8,7.92,7.75,10,10,10,7.83,0.1,0
120,8.08,7.83,7.75,7.83,7.58,7.67,10,10,10,7.92,0.1,0
121,7.67,7.58,7.75,7.75,7.67,8.58,10,10,10,7.67,0.08,0
122,8,7.58,7.83,7.75,7.75,7.75,10,10,10,8,0.11,0
123,8,7.92,7.75,7.75,7.75,7.75,10,10,10,7.75,0.11,0
124,7.75,7.83,7.75,7.83,7.75,7.83,10,10,10,7.92,0,0
125,7.75,7.92,7.83,8,7.58,7.75,10,10,10,7.83,0.11,0
126,8,7.83,7.67,7.83,7.67,8,10,10,10,7.67,0.11,0
127,7.67,7.83,7.67,8,7.67,7.83,10,10,10,8,0.12,0
128,7.83,7.58,7.67,7.92,7.92,7.83,10,10,10,7.92,0.13,0
129,7.92,7.83,7.75,7.92,7.67,7.75,10,10,10,7.83,0.11,0
130,7.42,7.75,7.75,8,8,7.92,10,10,10,7.83,0.2,0
131,7.92,7.75,7.83,7.75,7.58,7.92,10,10,10,7.83,0.11,0
132,7.83,7.67,7.58,7.92,7.67,7.83,10,10,10,8.08,0,0
133,7.83,7.83,7.83,7.75,7.58,7.83,10,10,10,7.92,0.1,0
134,7.75,7.83,7.67,7.92,7.75,7.83,10,10,10,7.83,0.11,0
135,8,7.92,7.67,7.58,7.58,7.67,10,10,10,8.17,0.09,0
136,7.67,7.67,7.58,7.75,7.58,8.5,10,10,10,7.83,0,0
137,7.75,7.75,7.83,7.75,7.58,8,10,10,10,7.92,0,0
138,7.67,7.83,7.83,8,7.58,7.92,10,10,10,7.75,0,0
139,7.75,7.83,7.75,8,7.83,7.67,10,10,10,7.75,0.12,0
140,7.42,7.67,7.75,7.75,8.08,7.83,10,10,10,8.08,0.11,0
141,8,8,7.75,7.75,7.58,7.75,10,10,10,7.75,0.12,0
142,8.5,8,7.5,7.75,7.5,7.83,10,10,10,7.5,0.11,0
143,7.92,7.67,7.92,7.75,7.67,7.58,10,10,10,8,0.1,0
144,7.92,7.75,7.67,7.75,7.83,7.75,10,10,10,7.83,0.11,0
145,7.75,7.92,7.67,7.83,7.75,7.67,10,10,10,7.92,0.1,0
146,8.08,7.67,7.83,7.83,7.67,7.67,10,10,10,7.75,0.12,0
147,7.67,8,7.75,7.83,7.75,7.58,10,10,10,7.92,0,0
148,8.17,7.83,7.67,7.83,7.67,7.83,10,10,10,7.5,0.11,0
149,7.92,7.83,7.67,8,7.67,7.75,10,10,10,7.67,0.11,0
150,8,7.92,7.42,8.08,7.5,7.67,10,10,10,7.92,0.12,0
151,7.92,7.83,7.75,7.75,7.75,7.83,10,10,10,7.67,0.11,0
152,7.58,7.83,7.83,8,7.67,7.58,10,10,10,7.92,0.1,0
153,7.67,7.67,7.83,7.58,7.83,7.83,10,10,10,8,0,0
154,7.92,7.75,7.67,7.92,7.67,7.75,10,10,10,7.75,0,0
155,7.83,7.83,7.75,8,7.5,7.75,10,10,10,7.75,0.11,0
156,7.75,7.92,7.75,7.67,7.83,7.67,10,10,10,7.83,0.12,0
157,7.33,7.58,7.83,7.75,7.75,7.92,10,10,10,8.17,0.11,0
158,7.92,8,7.75,7.67,7.67,7.75,10,10,10,7.58,0.1,0
159,7.58,7.92,7.58,7.75,7.92,7.75,10,10,10,7.83,0.11,1
160,7.75,7.67,8,7.67,8.08,7.83,10,10,10,7.33,0.11,0
161,7.75,7.58,7.33,7.83,7.58,8.08,10,10,10,8.17,0,0
162,8,7.75,7.75,7.83,7.5,7.67,10,10,10,7.83,0.12,0
163,8.17,8,7.5,7.75,7.5,7.67,10,10,10,7.75,0,0
164,8,8,7.5,7.5,7.67,7.75,10,10,10,7.92,0.02,0
165,7.5,7.67,7.75,7.67,7.92,7.92,10,10,10,7.92,0.04,0
166,7.92,7.75,7.75,7.67,7.67,7.83,10,10,10,7.67,0.12,0
167,7.83,7.75,7.75,7.42,7.83,7.67,10,10,10,8,0.12,0
168,7.83,7.58,7.75,7.58,7.67,8,10,10,10,7.83,0.11,0
169,7.75,7.75,7.58,7.92,7.75,7.75,10,10,10,7.75,0.11,4
170,7.75,7.92,7.5,8.08,7.58,7.67,10,10,10,7.75,0.1,0
171,7.83,7.83,7.58,7.75,7.75,7.75,10,10,10,7.75,0.1,0
172,7.67,7.67,7.75,7.75,7.67,7.92,10,10,10,7.83,0.11,0
173,7.83,7.67,7.75,7.58,7.92,7.75,10,10,10,7.75,0.12,0
174,7.83,7.75,7.83,7.58,7.67,7.75,10,10,10,7.83,0.12,0
175,7.42,7.67,7.83,7.75,7.92,7.83,10,10,10,7.83,0.12,0
176,7.83,7.67,7.75,7.83,7.67,7.67,10,10,10,7.83,0.12,0
177,7.83,7.75,7.75,7.75,7.67,7.75,10,10,10,7.75,0.12,0
178,7.83,7.83,7.5,7.92,7.58,7.75,10,10,10,7.83,0.1,0
179,7.58,7.5,7.75,7.83,7.92,7.83,10,10,10,7.83,0.11,0
180,7.83,7.92,7.67,7.83,7.5,7.75,10,10,10,7.75,0.12,0
181,7.83,7.83,7.75,7.67,7.83,7.58,10,10,10,7.75,0.12,0
182,7.83,7.92,7.67,7.75,7.5,7.75,10,10,10,7.83,0.1,0
183,8.17,7.75,7.58,7.67,7.83,7.58,10,10,10,7.67,0.13,0
184,7.75,7.83,7.58,7.83,7.67,7.75,10,10,10,7.75,0.13,0
185,7.92,7.75,7.67,7.67,7.5,7.67,10,10,10,8,0.09,0
186,7.75,7.75,7.58,8,7.67,7.83,10,10,10,7.58,0.11,0
187,7.75,7.92,7.58,7.92,7.67,7.67,10,10,10,7.67,0.1,1
188,7.58,7.83,7.58,7.83,7.83,7.67,10,10,10,7.83,0.1,0
189,8,7.5,7.5,7.67,8,7.83,10,10,10,7.67,0,0
190,7.67,7.83,7.83,7.5,7.67,7.83,10,10,10,7.83,0.12,0
191,7.67,7.75,7.75,7.67,7.83,7.75,10,10,10,7.75,0,0
192,7.67,7.75,7.67,7.75,7.5,8,10,10,10,7.83,0,0
193,7.5,7.92,7.58,7.83,7.75,7.83,10,10,10,7.75,0.1,0
194,7.92,7.75,7.75,7.75,7.75,7.58,10,10,10,7.67,0.13,0
195,7.67,7.5,7.67,7.42,7.83,8.58,10,10,10,7.5,0.12,0
196,7.58,7.75,7.75,7.75,7.75,7.83,10,10,10,7.75,0.08,0
197,7.58,7.83,7.75,7.67,7.67,8,10,10,10,7.67,0.11,0
198,7.92,7.75,7.67,7.67,7.83,7.92,10,10,10,7.42,0.11,0
199,8.42,8.08,7.5,7.17,7.58,8.17,9.33,10,10,7.92,0.11,0
200,7.75,7.75,7.75,7.75,7.83,7.75,10,10,10,7.58,0,0
201,7.83,7.75,7.5,7.83,7.83,7.75,10,10,10,7.67,0.11,0
202,7.83,7.5,7.42,7.5,7.83,8.5,10,10,10,7.5,0,3
203,7.58,7.67,7.67,7.67,7.75,7.83,10,10,10,7.92,0.1,0
204,7.92,7.75,7.67,7.75,7.67,7.67,10,10,10,7.67,0,0
205,7.58,7.75,7.67,8,7.75,7.67,10,10,10,7.67,0.1,0
206,7.67,7.75,7.67,7.75,7.67,7.75,10,10,10,7.83,0.11,0
207,7.92,7.92,7.83,8,7.92,7.92,10,10,8.67,7.92,0.09,0
208,7.83,7.75,7.67,7.75,7.33,7.75,10,10,10,7.92,0.11,11
209,7.42,7.83,7.75,7.92,7.75,7.58,10,10,10,7.75,0.1,0
210,7.67,7.83,7.58,7.92,7.75,7.67,10,10,10,7.58,0.12,0
211,7.67,7.67,7.83,7.58,7.58,7.83,10,10,10,7.83,0.11,0
212,7.92,7.67,7.42,7.92,7.75,7.83,10,10,10,7.5,0.1,0
213,7.75,7.83,7.5,7.83,7.58,7.67,10,10,10,7.83,0.1,0
214,7.67,7.75,7.67,7.67,7.67,7.75,10,10,10,7.83,0.12,0
215,7.58,7.42,7.75,7.92,7.75,7.92,10,10,10,7.67,0.12,0
216,7.67,7.67,7.5,7.5,7.67,7.67,10,10,10,8.33,0.12,0
217,7.75,7.75,7.5,7.58,7.67,7.92,10,10,10,7.83,0.09,0
218,7.58,7.83,7.67,7.25,8,7.75,10,10,10,7.92,0.1,0
219,7.67,7.83,7.67,7.75,7.67,7.75,10,10,10,7.67,0.11,0
220,7.67,7.83,7.5,7.75,7.92,7.67,10,10,10,7.67,0,0
221,7.67,7.75,7.67,7.75,7.83,7.67,10,10,10,7.67,0,0
222,7.92,7.75,7.58,7.67,7.67,7.83,10,10,10,7.58,0.1,0
223,7.5,7.75,7.58,7.5,7.58,7.5,10,10,10,8.5,0,0
224,7.83,7.83,7.58,7.92,7.42,7.5,10,10,10,7.83,0.11,0
225,7.67,7.75,7.5,7.67,7.67,7.83,10,10,10,7.83,0.1,0
226,7.58,7.67,7.67,7.75,7.58,7.83,10,10,10,7.83,0.11,2
227,7.83,7.75,7.83,7.75,7.83,7.75,9.33,10,10,7.83,0.11,0
228,7.75,7.67,7.5,7.75,7.83,7.75,10,10,10,7.67,0.11,0
229,7.75,7.58,7.67,7.83,7.83,7.67,10,10,10,7.58,0,0
230,8,7.92,7.92,7.92,7.67,7.33,10,10,10,7.17,0.06,0
231,7.67,7.83,7.67,7.75,7.67,7.83,10,10,10,7.5,0.12,0
232,7.67,7.75,7.58,7.67,7.75,7.83,10,10,10,7.67,0.12,0
233,7.5,7.67,7.58,7.83,7.75,7.75,10,10,10,7.83,0.11,0
234,7.75,7.92,7.83,7.92,7.75,7.67,9.33,10,10,7.75,0,0
235,7.92,7.58,7.5,7.83,7.58,7.67,10,10,10,7.75,0,0
236,7.67,7.67,7.75,7.67,7.5,7.75,10,10,10,7.83,0,0
237,7.75,7.75,7.5,7.75,7.83,7.58,10,10,10,7.67,0.11,7
238,7.75,7.67,7.5,7.75,7.75,7.67,10,10,10,7.75,0,0
239,7.25,7.58,7.42,8,7.75,7.83,10,10,10,8,0,0
240,7.67,7.75,7.67,7.75,7.42,7.75,10,10,10,7.83,0,0
241,7.75,7.75,7.67,7.67,7.58,7.67,10,10,10,7.75,0.12,0
242,7.67,7.67,7.58,7.5,7.83,8.17,10,10,9.33,8.08,0,0
243,7.83,7.42,7.5,7.83,7.75,7.83,10,10,10,7.67,0.1,0
244,7.58,7.83,7.33,8,7.58,7.75,10,10,10,7.75,0.1,0
245,7.92,7.5,7.33,7.67,8.17,7.5,10,10,10,7.75,0.1,0
246,7.67,7.58,7.58,7.83,7.58,7.67,10,10,10,7.92,0.11,0
247,7.5,7.83,7.5,7.83,7.83,7.67,10,10,10,7.67,0.11,0
248,7.67,8,7.67,7.42,7.67,7.5,10,10,10,7.92,0.1,0
249,7.67,7.58,7.5,7.75,7.75,7.75,10,10,10,7.83,0.11,0
250,7.83,7.83,7.58,7.67,7.5,7.58,10,10,10,7.83,0.12,0
251,7.75,7.75,7.58,8,7.67,7.58,10,10,10,7.5,0.02,0
252,7.75,7.58,7.5,7.58,7.75,7.75,10,10,10,7.83,0.11,0
253,7.67,7.67,7.58,7.75,7.67,7.67,10,10,10,7.75,0.11,0
254,7.83,7.83,7.58,7.58,7.58,7.58,10,10,10,7.75,0.11,0
255,7.67,7.67,7.58,7.58,7.67,7.83,10,10,10,7.75,0,0
256,7.83,7.75,7.67,7.5,7.58,7.67,10,10,10,7.75,0.1,1
257,7.75,7.67,7.5,7.67,7.58,7.83,10,10,10,7.75,0,0
258,8,7.92,7.58,7.75,7.33,7.5,10,10,10,7.67,0.12,0
259,7.67,7.67,7.67,7.92,7.5,7.67,10,10,10,7.67,0,0
260,7.67,7.42,7.42,7.42,8,8.33,10,10,10,7.5,0,0
261,7.58,7.67,7.75,7.67,7.67,7.67,10,10,10,7.75,0,0
262,7.75,7.67,7.75,7.58,7.42,8,10,10,10,7.58,0.11,0
263,7.83,7.58,7.58,7.5,7.75,7.67,10,10,10,7.83,0.13,0
264,7.83,7.83,7.58,7.33,7.42,7.67,10,10,10,8.08,0.1,0
265,7.75,7.67,7.25,7.25,7.58,8.5,10,10,10,7.75,0.06,0
266,7.67,7.83,7.5,7.67,7.67,7.5,10,10,10,7.83,0.11,0
267,8.08,7.67,7.67,7.58,7.25,7.67,10,10,10,7.75,0.11,0
268,7.5,7.5,7.67,7.67,8,8,10,10,10,7.33,0.1,0
269,7.67,7.75,7.67,7.67,7.83,7.58,10,10,10,7.5,0.1,0
270,7.58,7.75,7.58,7.75,7.58,7.58,10,10,10,7.83,0.11,2
271,7.5,7.67,7.33,7.92,7.83,7.67,10,10,10,7.75,0.1,0
272,7.33,7.67,7.67,7.5,7.67,7.5,10,10,10,8.33,0.11,0
273,7.5,7.75,7.58,7.83,7.67,7.58,10,10,10,7.75,0.12,0
274,8,7.5,7.33,8,8,8,9.33,10,10,7.5,0.1,0
275,7.83,7.75,7.67,7.58,7.58,7.67,10,10,10,7.58,0,0
276,7.67,7.67,7.67,7.67,7.33,7.75,10,10,10,7.92,0,0
277,7.67,7.67,7.42,7.67,8,7.75,10,10,10,7.5,0.12,0
278,7.83,7.67,7.33,7.67,7.67,7.83,10,10,10,7.67,0.11,0
279,7.75,7.75,7.58,7.83,7.17,7.75,10,10,10,7.83,0.11,0
280,8.17,8.17,7.83,7.67,8.08,7.75,9.33,9.33,9.33,8,0.11,0
281,7.67,8.17,7.5,7.42,7.58,7.83,10,10,10,7.5,0.11,0
282,7.67,7.5,7.5,7.33,7.83,8.25,10,10,10,7.58,0.12,0
283,8.17,7.67,7.58,7.58,7.42,7.67,10,10,10,7.58,0.12,0
284,7.67,7.5,7.33,8,7.67,7.67,10,10,10,7.83,0.1,0
285,7.58,7.67,7.58,7.58,7.67,7.58,10,10,10,7.92,0.11,0
286,7.75,7.75,7.5,7.83,7.58,7.58,10,10,10,7.58,0.11,1
287,7.67,7.58,7.58,7.58,7.67,7.75,10,10,10,7.75,0.1,1
288,7.67,7.75,7.58,7.67,7.75,7.58,10,10,10,7.58,0.12,0
289,7.75,7.75,7.58,7.58,7.5,7.67,10,10,10,7.75,0.12,0
290,7.75,7.67,7.58,7.67,7.5,7.67,10,10,10,7.75,0,0
291,7.67,7.67,7.42,7.75,7.75,7.67,10,10,10,7.67,0.12,0
292,7.67,7.58,7.67,7.67,7.67,7.67,10,10,10,7.67,0,0
293,7.67,7.58,7.67,7.58,7.67,7.75,10,10,10,7.67,0.12,0
294,7.75,7.58,7.5,7.58,7.75,7.83,10,10,10,7.58,0,0
295,7.75,7.75,7.75,7.75,7.5,7.58,10,10,10,7.5,0.11,0
296,7.67,7.67,7.58,7.67,7.75,7.58,10,10,10,7.67,0.11,0
297,7.83,7.67,7.58,7.58,7.67,7.58,10,10,10,7.67,0.12,0
298,7.67,7.58,7.58,7.58,7.67,7.75,10,10,10,7.75,0.11,0
299,7.83,7.75,7.5,7.75,7.5,7.58,10,10,10,7.67,0.12,0
300,7.75,7.58,7.58,7.75,7.75,7.5,10,10,10,7.58,0,0
301,7.92,7.42,7.5,7.67,7.5,7.67,10,10,10,7.83,0,0
302,7.75,7.58,7.58,7.5,7.75,7.75,10,10,10,7.58,0,0
303,7.67,7.75,7.5,7.83,7.58,7.58,10,10,10,7.58,0.1,2
304,7.58,7.58,7.58,7.58,7.75,7.67,10,10,10,7.75,0.12,0
305,7.75,7.67,7.58,7.67,7.67,7.58,10,10,10,7.58,0.13,0
306,7.25,7.67,7.58,7.92,7.83,7.58,10,10,10,7.67,0.13,0
307,7.67,7.75,7.5,7.58,7.75,7.67,10,10,10,7.58,0.1,0
308,8,7.58,7.25,7.58,7.92,7.58,10,10,10,7.58,0.11,0
309,7.58,7.75,7.5,7.83,7.42,7.67,10,10,10,7.75,0.1,0
310,7.75,7.58,7.33,7.5,7.83,7.83,10,10,10,7.67,0,0
311,7.67,7.5,7.67,7.5,7.67,7.67,10,10,10,7.83,0.1,0
312,7.58,7.75,7.42,7.67,7.75,7.67,10,10,10,7.67,0,0
313,7.83,7.58,7.25,7.5,7.5,7.42,10,10,10,8.42,0.13,0
314,7.67,7.75,7.67,7.75,7.58,7.5,10,10,10,7.58,0.11,0
315,7.75,7.67,7.67,7.75,7.33,7.5,10,10,10,7.83,0.12,0
316,7.83,7.5,7.5,8,7.67,7.5,10,10,10,7.5,0.1,0
317,7.67,7.58,7.58,7.67,7.67,7.67,10,10,10,7.67,0.11,0
318,7.5,7.5,7.75,7.5,8,7.67,10,10,10,7.58,0,0
319,7.83,7.58,7.58,7.58,7.75,7.58,10,10,10,7.58,0,0
320,7.5,7.58,7.58,7.5,7.75,7.83,10,10,10,7.67,0,2
321,7.67,7.75,7.5,7.58,7.58,7.67,10,10,10,7.67,0.1,0
322,7.67,7.67,7.5,7.67,7.67,7.58,10,10,10,7.67,0.11,0
323,7.58,7.5,7.42,7.92,7.5,7.67,10,10,10,7.83,0.09,0
324,7.58,7.75,7.33,7.75,7.67,7.58,10,10,10,7.75,0.11,0
325,7.5,7.58,7.75,7.5,7.75,7.67,10,10,10,7.67,0.13,0
326,7.58,7.5,7.75,7.58,7.75,7.67,10,10,10,7.58,0.11,0
327,7.58,7.67,7.58,7.67,7.58,7.67,10,10,10,7.67,0.12,0
328,7.75,7.67,7.58,7.67,7.58,7.58,10,10,10,7.58,0.13,0
329,7.58,7.58,7.25,7.75,7.75,8.58,9.33,10,10,7.58,0.12,0
330,7.75,7.83,7.33,7.83,7.5,7.67,10,10,10,7.5,0.1,0
331,7.67,7.75,7.5,7.83,7.58,7.5,10,10,10,7.58,0.1,0
332,7.67,7.5,7.75,7.42,7.75,7.75,10,10,10,7.58,0.11,0
333,7.5,7.75,7.58,7.5,7.67,7.75,10,10,10,7.67,0.11,0
334,7.25,7.88,7.38,7.63,7.5,8.75,9,10,10,8,0.09,0
335,7.75,7.5,7.75,7.58,7.58,7.58,10,10,10,7.58,0,1
336,7.5,7.83,7.33,7.58,7.58,7.92,10,10,10,7.58,0.1,0
337,7.75,7.75,7.5,7.67,7.5,7.58,10,10,10,7.58,0.12,0
338,7.67,7.75,7.42,7.83,7.83,7.42,10,10,10,7.42,0.11,0
339,7.75,7.58,7.67,7.58,7.58,7.58,10,10,10,7.58,0.12,0
340,7.67,7.67,7.58,7.67,7.5,7.58,10,10,10,7.67,0.12,0
341,7.5,7.67,7.67,7.5,7.83,7.17,10,10,10,8,0.11,0
342,7.67,7.67,7.5,7.67,7.92,7.42,10,10,10,7.5,0.11,0
343,7.83,7.67,7.17,7.67,7.67,7.67,10,10,10,7.67,0.11,0
344,7.75,7.67,7.33,7.5,7.5,7.75,10,10,10,7.83,0,0
345,7.5,7.67,7.67,7.58,7.67,7.58,10,10,10,7.67,0,0
346,7.67,7.83,7.42,7.83,7.33,7.5,10,10,10,7.67,0.11,0
347,7.5,7.5,7.83,7.5,7.67,7.67,10,10,10,7.58,0.11,0
348,7.5,7.58,7.42,7.83,7.67,7.58,10,10,10,7.67,0.11,2
349,7.58,7.67,7.67,7.17,7.75,7.83,10,10,10,7.58,0,0
350,7.83,7.75,7.5,7.58,7.58,7.58,10,10,10,7.42,0.12,0
351,7.67,7.5,7.5,7.5,7.67,7.83,10,10,10,7.58,0.1,0
352,7.92,7.83,7.75,7.58,7.5,7.33,10,10,10,7.33,0.1,0
353,7.58,7.58,7.5,7.58,7.58,7.75,10,10,10,7.67,0,0
354,7.5,7.67,7.58,7.67,7.67,7.5,10,10,10,7.67,0.1,0
355,7.83,7.5,7.67,7.33,7.67,7.67,10,10,10,7.58,0.11,0
356,7.58,7.75,7.5,7.5,7.58,7.58,10,10,10,7.75,0.12,0
357,7.75,7.75,7.42,7.92,7.33,7.5,10,10,10,7.58,0.12,0
358,7.83,7.58,7.08,7.83,7.42,8.08,10,10,10,7.42,0.11,0
359,7.75,7.67,7.5,7.58,7.58,7.58,10,10,10,7.58,0.11,0
360,7.67,7.58,7.58,7.42,7.83,7.58,10,10,10,7.58,0.12,0
361,7.67,7.67,7.5,7.5,7.58,7.67,10,10,10,7.67,0.11,0
362,7.92,7.75,7.25,7.42,7.83,7.58,10,10,10,7.5,0.08,0
363,8,7.67,7.67,7.25,7.67,7.5,10,10,10,7.5,0.13,0
364,7.92,7.75,7.5,7.42,7.42,7.67,10,10,10,7.58,0.04,0
365,7.67,7.42,7.5,7.58,7.67,7.58,10,10,10,7.75,0.11,0
366,7.58,7.58,7.33,7.67,7.75,7.58,10,10,10,7.67,0.1,0
367,7.67,7.58,7.42,7.67,7.67,7.58,10,10,10,7.58,0.12,0
368,7.58,7.42,7.08,7.33,7.58,8.58,10,10,10,7.58,0.07,0
369,7.67,7.75,7.42,7.75,7.58,7.5,10,10,10,7.5,0.11,2
370,7.67,7.67,7.5,7.67,7.5,7.67,10,10,10,7.5,0.11,1
371,7.5,7.67,7.33,7.67,7.67,7.67,10,10,10,7.67,0.11,0
372,7.67,7.67,7.5,7.67,7.42,7.58,10,10,10,7.67,0.1,0
373,7.5,7.5,7.33,7.67,8,7.67,10,10,10,7.5,0,0
374,7.5,7.75,7.5,7.83,7.58,7.5,10,10,10,7.5,0.11,0
375,7.92,7.67,7.42,7.75,7.5,7.5,10,10,10,7.42,0.12,0
376,7.83,7.75,7.67,7.75,7.83,8.5,9.33,9.33,9.33,7.83,0.1,0
377,7.67,7.58,7.58,7.75,7.42,7.67,10,10,10,7.5,0.12,0
378,7.58,7.67,7.67,7.58,7.42,7.58,10,10,10,7.67,0.13,0
379,7.58,7.5,7.5,7.67,7.5,7.67,10,10,10,7.75,0,0
380,8,7.67,7.5,7.42,7.33,7.58,10,10,10,7.67,0.1,0
381,7.5,7.5,7.5,7.67,7.67,7.67,10,10,10,7.67,0.1,0
382,7.67,7.67,7.5,7.67,7.5,7.67,10,10,10,7.5,0.11,0
383,7.33,7.83,7.17,8.17,7.33,7.67,10,10,10,7.67,0.09,0
384,7.58,7.5,7.58,7.75,7.58,7.58,10,10,10,7.58,0.12,0
385,7.67,7.83,7.33,7.67,7.5,7.67,10,10,10,7.5,0.11,0
386,7.75,7.58,7.58,7.58,7.5,7.42,10,10,10,7.75,0.11,0
387,7.75,7.67,7.58,7.5,7.42,7.58,10,10,10,7.67,0.12,0
388,7.58,7.75,7.42,7.67,7.5,7.58,10,10,10,7.67,0.14,0
389,7.67,7.5,7.5,7.5,7.58,8.17,10,10,10,7.25,0.11,0
390,7.75,7.5,7.42,7.75,7.58,7.58,10,10,10,7.58,0.13,0
391,7.58,7.67,7.5,7.58,7.67,7.67,10,10,10,7.5,0.11,0
392,7.5,7.75,7.58,7.58,7.67,7.5,10,10,10,7.58,0.11,0
393,7.75,7.67,7.58,7.5,7.58,7.58,10,10,10,7.5,0.12,0
394,7.92,7.58,7.5,7.58,7.42,7.5,10,10,10,7.67,0.11,0
395,7.75,7.5,7.67,7.5,7.92,8,10,10,9.33,7.5,0,0
396,7.75,7.5,7.58,7.5,7.75,7.5,10,10,10,7.58,0.12,0
397,7.58,7.75,7.67,7.5,7.67,7.58,10,10,10,7.42,0.02,0
398,7.42,7.83,8.17,8.08,7.17,7.58,10,9.33,10,7.58,0.14,0
399,7.75,8,7.67,8.08,7.83,7.92,9.33,9.33,9.33,7.92,0.01,0
400,7.58,7.67,7.33,7.67,7.75,7.58,10,10,10,7.5,0,1
401,7.58,7.58,7.58,7.5,7.67,7.58,10,10,10,7.58,0.11,2
402,7.33,7.67,7.67,7.33,7.75,7.42,10,10,10,7.92,0,0
403,7.83,7.92,7.5,7.83,7.67,7.25,9.33,10,10,7.75,0,0
404,7.58,7.83,7.67,7.42,7.42,7.5,10,10,10,7.67,0,0
405,7.83,7.33,7.5,7.67,7.58,7.67,10,10,10,7.5,0.1,0
406,7.75,7.75,7.5,7.5,7.5,7.5,10,10,10,7.58,0.11,0
407,7.75,7.67,7.42,7.75,7.5,7.5,10,10,10,7.5,0.1,0
408,7.33,7.33,7.33,7.58,7.25,8.08,10,10,10,8.17,0.01,0
409,7.83,7.75,7.33,7.25,7.42,7.92,10,10,10,7.58,0.08,0
410,7.67,7.58,7.5,7.58,7.67,7.58,10,10,10,7.5,0,0
411,7.58,7.5,7.5,7.75,7.67,7.5,10,10,10,7.5,0,0
412,7.5,7.58,7.58,7.67,7.58,7.5,10,10,10,7.58,0.11,3
413,7.5,7.67,7.58,7.67,7.58,7.42,10,10,10,7.58,0.11,2
414,7.67,7.58,7.42,7.42,7.83,7.5,10,10,10,7.58,0.12,0
415,7.67,7.67,7.5,7.58,7.42,7.5,10,10,10,7.67,0.12,5
416,7.67,7.67,7.33,7.67,7.5,7.58,10,10,10,7.58,0.11,0
417,7.75,7.67,7.58,7.58,7.42,7.67,9.33,10,10,8,0,0
418,7.67,7.75,7.33,7.92,7.42,7.5,10,10,10,7.42,0.11,0
419,7.75,7.67,7.33,7.75,7.5,7.42,10,10,10,7.58,0.11,0
420,7.83,7.67,7.25,7.67,7.75,7.5,10,10,10,7.33,0.11,0
421,7.67,7.67,7.67,7.5,7.42,7.5,10,10,10,7.58,0,0
422,7.92,7.92,7.83,7.58,7.33,7.25,10,10,10,7.17,0.08,0
423,7.83,7.58,7.5,7.5,7.58,7.5,10,10,10,7.5,0.12,0
424,7.67,7.67,7.42,7.83,7.5,7.5,10,10,10,7.42,0.1,0
425,7.67,7.58,7.5,7.58,7.5,7.5,10,10,10,7.67,0.11,0
426,7.75,7.58,7.42,7.67,7.42,7.67,10,10,10,7.5,0.12,0
427,7.75,7.42,7.33,7.5,7.58,7.17,10,10,10,8.25,0.11,0
428,7.83,7.5,7.58,7.33,7.5,7.67,10,10,10,7.58,0,0
429,7.33,7.67,7.75,7.42,7.75,7.58,10,10,10,7.5,0.11,0
430,7.58,7.75,7.42,7.67,7.58,7.42,10,10,10,7.58,0,0
431,7.5,7.5,7.42,7.58,7.75,7.58,10,10,10,7.67,0.11,0
432,7.67,7.58,7.42,7.5,7.67,7.58,10,10,10,7.58,0.11,0
433,7.67,7.83,7.5,7.58,7.58,7.67,9.33,10,10,7.83,0.11,0
434,7.5,7.67,7.5,7.5,7.58,7.58,10,10,10,7.67,0.11,0
435,7.75,7.58,7.5,7.67,7.83,7.75,9.33,10,10,7.58,0,0
436,7.67,7.58,7.58,7.58,7.67,7.42,10,10,10,7.5,0.11,0
437,7.5,7.67,7.5,7.67,7.5,7.83,10,10,10,7.33,0.1,0
438,7.67,7.67,7.58,7.5,7.67,7.42,10,10,10,7.5,0.12,0
439,7.33,7.67,7.58,7.33,7.58,7.92,10,10,10,7.58,0.08,0
440,7.5,7.58,7.67,7.67,7.58,7.58,10,10,10,7.42,0.06,0
441,7.67,7.58,7.5,7.58,7.58,7.5,10,10,10,7.5,0,0
442,7.5,7.5,7.75,7.58,7.92,7.83,10,10,9.33,7.5,0,0
443,7.58,7.67,7.5,7.33,7.67,7.58,10,10,10,7.58,0.11,0
444,7.17,7.83,7.25,7.67,7.67,7.58,10,10,10,7.75,0.09,0
445,7.58,7.58,7.5,7.5,7.58,7.58,10,10,10,7.58,0,0
446,7.5,7.58,7.67,7.33,7.5,7.75,10,10,10,7.58,0,0
447,7.58,7.58,7.67,7.58,7.5,7.5,10,10,10,7.5,0.11,0
448,8.08,7.5,7.67,7.42,7.33,7.5,10,10,10,7.42,0,0
449,7.83,7.67,7.25,7.58,7.5,7.5,10,10,10,7.58,0.13,0
450,7.75,7.67,7.42,7.42,7.75,7.5,10,10,10,7.42,0.12,0
451,7.08,7.5,7.5,7.83,7.75,7.67,10,10,10,7.58,0.11,0
452,8,7.5,7.5,7.58,7.33,7.42,10,10,10,7.58,0.12,0
453,7.75,7.58,7.58,7.5,7.5,7.5,10,10,10,7.5,0.12,0
454,7.75,7.5,7.42,7.58,7.67,7.5,10,10,10,7.5,0.1,0
455,7.67,7.83,7.42,7.5,7.33,7.5,10,10,10,7.67,0.1,0
456,7.58,7.5,7.75,7.33,7.58,7.58,10,10,10,7.58,0.11,0
457,7.75,7.5,7.25,7.5,7.75,7.5,10,10,10,7.67,0,0
458,7.83,7.75,7.25,7.92,7.5,7.17,10,10,10,7.5,0.11,0
459,7.83,7.67,7.42,7.42,7.5,7.58,10,10,10,7.5,0.11,0
460,7.58,7.58,7.33,7.25,7.58,7.75,10,10,10,7.83,0.1,0
461,7.67,7.33,7.17,7.58,8.08,7.42,10,10,10,7.67,0,0
462,8,7.92,7.67,7.17,7.67,7.42,9.33,10,10,7.75,0.14,0
463,7.5,7.75,7.33,7.75,7.08,7.83,10,10,10,7.67,0.15,0
464,7.75,7.58,7.42,7.58,7.5,7.5,10,10,10,7.5,0.1,0
465,7.5,7.58,7.33,7.67,7.58,7.58,10,10,10,7.58,0.11,1
466,7.67,7.58,7.58,7.5,7.5,7.42,10,10,10,7.58,0.11,2
467,7.33,7.67,7.67,7.83,7.33,7.67,10,10,10,7.33,0,0
468,7.83,7.92,7.75,7.83,7.75,7.75,9.33,9.33,9.33,8,0.11,0
469,7.25,7.58,7.5,7.42,7.75,7.42,10,10,10,7.92,0.11,0
470,7.58,7.58,7.33,7.67,7.67,7.5,10,10,10,7.5,0.11,0
471,7.58,7.83,7.33,7.67,7.42,7.33,10,10,10,7.67,0.12,0
472,7.83,7.67,7.5,7.58,7.5,7.67,10,10,10,7.08,0,0
473,7.42,7.58,7.25,7.5,7.75,7.75,10,10,10,7.58,0,0
474,7.67,7.67,7.75,7.67,7.42,7.17,10,10,10,7.5,0.1,0
475,7.5,7.42,7.58,7.5,7.58,7.58,10,10,10,7.67,0,0
476,7.83,7.5,7.5,7.42,7.5,7.5,10,10,10,7.58,0.11,0
477,7.67,7.5,7.33,7.25,7.58,7.75,10,10,10,7.75,0.11,0
478,7.58,7.67,7.5,7.58,7.5,7.5,10,10,10,7.5,0.12,0
479,7.67,7.58,7.42,7.75,7.42,7.42,10,10,10,7.58,0.12,0
480,7.67,7.67,7.33,7.5,7.33,7.92,10,10,10,7.42,0.11,0
481,7.58,7.58,7.5,7.42,7.67,7.58,10,10,10,7.5,0.11,0
482,7.75,7.58,7.75,7.75,7.25,7.5,10,10,10,7.25,0,0
483,7.5,7.58,7.42,7.67,7.58,7.5,10,10,10,7.5,0.1,1
484,7.58,7.67,7.5,7.58,7.5,7.42,10,10,10,7.5,0.11,0
485,7.5,7.67,7.17,7.67,7.67,7.58,10,10,10,7.5,0.11,0
486,7.5,7.5,7.42,7.58,7.67,7.5,10,10,10,7.58,0.1,0
487,7.42,7.58,7.42,7.67,7.5,7.5,10,10,10,7.67,0.1,0
488,7.5,7.58,7.42,7.58,7.58,7.5,10,10,10,7.58,0.12,0
489,7.58,7.58,7.33,7.58,7.33,7.67,10,10,10,7.67,0.12,0
490,7.83,7.67,7.33,7.67,7.58,7.67,9.33,10,10,7.67,0,0
491,7.67,7.67,7.17,7.33,7.58,7.67,10,10,10,7.67,0,0
492,7.58,7.5,7.42,7.67,7.42,7.5,10,10,10,7.67,0.09,0
493,7.58,7.5,7.42,7.58,7.5,7.5,10,10,10,7.67,0.09,1
494,7.5,7.5,7.58,7.5,7.58,7.58,10,10,10,7.5,0.11,2
495,7.67,7.5,7.33,7.33,7.67,7.67,10,10,10,7.58,0.1,0
496,7.5,7.67,7.42,7.67,7.5,7.5,10,10,10,7.5,0.11,0
497,7.5,7.58,7.58,7.75,7.33,7.5,10,10,10,7.5,0,0
498,7.75,7.58,7.42,7.5,7.33,7.5,10,10,10,7.67,0.12,0
499,7.75,7.42,7.25,7.75,7.5,7.67,10,10,10,7.42,0.13,0
500,7.67,7.42,7.42,7.58,7.33,7.67,10,10,10,7.67,0.12,0
501,7.58,7.33,7.17,7.33,7.25,8.58,10,10,10,7.5,0.1,0
502,7.58,7.58,7.5,7.5,7.5,7.5,10,10,10,7.58,0.12,0
503,7.58,7.58,7.33,7.75,7.25,7.58,10,10,10,7.67,0.12,0
504,8.08,8.17,8,8,7.83,7.92,6.67,10,10,8.08,0.12,0
505,7.5,7.58,7.42,7.67,7.5,7.58,10,10,10,7.5,0,0
506,7.67,7.58,7.58,7.58,7.5,7.42,10,10,10,7.42,0.11,0
507,7.42,7.42,7.5,7.58,7.5,7.75,10,10,10,7.58,0,0
508,7.5,7.58,7.25,7.75,7.58,7.5,10,10,10,7.5,0,0
509,7.5,7.58,7.5,7.67,7.5,7.42,10,10,10,7.5,0.11,2
510,7.67,7.67,7.42,7.42,7.42,7.5,10,10,10,7.58,0.13,0
511,7.67,7.67,7.67,7.67,7.5,7.67,10,10,9.33,7.5,0,0
512,7.5,7.67,7.42,7.75,7.42,7.17,10,10,10,7.75,0.11,2
513,7.58,7.5,7.42,7.67,7.5,7.5,10,10,10,7.5,0,0
514,7.5,7.5,7.5,7.5,7.5,7.58,10,10,10,7.58,0.12,0
515,7.58,7.5,7.5,7.58,7.33,7.58,10,10,10,7.58,0.12,0
516,8,7.83,7.83,7.42,7.25,7.25,10,10,10,7.08,0.08,0
517,7.67,7.58,7.42,7.5,7.42,7.5,10,10,10,7.58,0.11,0
518,7.67,7.5,7.33,7.67,7.5,7.5,10,10,10,7.5,0.12,0
519,7.67,7.5,7.5,7.5,7.5,7.5,10,10,10,7.5,0.11,0
520,7.42,7.5,7.5,7.67,7.58,7.5,10,10,10,7.5,0.11,0
521,7.75,7.58,7.67,7.25,7.58,7.42,10,10,10,7.42,0.11,0
522,7.67,7.67,7.17,7.67,7.5,7.5,10,10,10,7.5,0.11,0
523,7.58,7.58,7.42,7.58,7.42,7.5,10,10,10,7.58,0.11,0
524,7.5,7.58,7.58,7.58,7.42,7.42,10,10,10,7.58,0.12,0
525,7.33,7.58,7.42,7.42,7.67,7.67,10,10,10,7.58,0.11,0
526,7.75,7.58,7.25,7.75,7.67,7.58,10,10,10,7.08,0,0
527,8.08,7.67,7.67,7.33,7.33,7.17,10,10,10,7.42,0.08,0
528,7.5,7.42,7.42,7.75,7.5,7.5,10,10,10,7.5,0.1,1
529,7.67,7.42,7.5,7.42,7.58,7.5,10,10,10,7.5,0.11,5
530,7.25,7.25,7,7.08,7,7,10,10,10,10,0.11,0
531,7.83,7.58,7.42,7.33,7.42,7.5,10,10,10,7.5,0.13,0
532,7.75,7.33,7.42,7.67,7.42,7.5,10,10,10,7.5,0.12,0
533,7.42,7.58,7.58,7.42,7.58,7.5,10,10,10,7.5,0.12,0
534,7.75,7.42,7.33,7.5,7.58,7.5,10,10,10,7.5,0.12,0
535,7.83,7.5,7.42,7.58,7.42,7.42,10,10,10,7.42,0.12,0
536,7.67,7.42,7.5,7.67,7,7.75,10,10,10,7.58,0.11,0
537,7.75,7.25,7.33,7.42,7.5,7.83,10,10,10,7.5,0.11,0
538,7.75,7.5,7.75,7.25,7.33,7.58,10,10,10,7.42,0.11,0
539,7.58,7.5,7.42,7.58,7.67,7.42,10,10,10,7.42,0.11,0
540,7.5,7.58,7.5,7.5,7.42,7.5,10,10,10,7.58,0.1,0
541,7.67,7.58,7.58,7.75,7.67,6.83,10,10,10,7.5,0.12,0
542,7.33,7.42,7.58,7.42,7.67,7.5,10,10,10,7.67,0.11,0
543,7.58,7.5,7.33,7.75,7.5,7.5,10,10,10,7.42,0,0
544,7.5,7.5,7.5,7.5,7.58,7.5,10,10,10,7.42,0.11,0
545,7.83,7.75,7.25,7.5,7.42,7.33,10,10,10,7.42,0.11,0
546,7.58,7.58,7.33,7.5,7.5,7.5,10,10,10,7.5,0.1,0
547,7.5,7.5,7.33,7.5,7.67,7.5,10,10,10,7.5,0.1,2
548,7.5,7.83,7.5,7.75,7.33,7.42,9.33,10,10,7.83,0.12,0
549,7.33,7.5,7.5,7.5,7.67,7.5,10,10,10,7.5,0.11,0
550,7.67,7.42,7.33,7.58,7.5,7.5,10,10,10,7.5,0.12,0
551,7.42,7.58,7.5,7.67,7.25,7.5,10,10,10,7.58,0,0
552,7.42,7.5,7.67,7.33,7.42,7.67,10,10,10,7.5,0.11,0
553,7.83,7.42,7.33,7.67,7.42,7.5,10,10,10,7.33,0.12,0
554,7.5,7.5,7.42,7.42,7.58,7.58,10,10,10,7.5,0.11,0
555,7.83,7.67,7.17,7.33,7.5,7.67,10,10,10,7.33,0.11,0
556,7.5,7.58,7.5,7.5,7.42,7.42,10,10,10,7.58,0.13,0
557,7.67,7.5,7.33,7.67,7.5,7.33,10,10,10,7.5,0.12,0
558,7.92,7.5,7.33,7.58,7.25,7.42,10,10,10,7.5,0.11,0
559,7.67,7.42,7.33,7.67,7.5,7.5,10,10,10,7.42,0,0
560,7.67,7.5,7.33,7.5,7.25,7.67,10,10,10,7.58,0.11,0
561,7.75,7.58,7.67,7.67,7.58,7.58,9.33,10,10,7.33,0.01,0
562,7.42,7.67,7.17,7.58,7.58,7.5,10,10,10,7.5,0.12,1
563,7.58,7.5,7.33,7.75,7.33,7.5,10,10,10,7.42,0.1,1
564,7.67,7.58,7.25,7.67,7.42,7.33,10,10,10,7.5,0.12,0
565,7.58,7.5,7.25,7.67,7.5,7.5,10,10,10,7.42,0.12,0
566,5.08,7.75,7.83,7.75,7.83,8.08,10,10,10,8.08,0.11,0
567,7.67,7.42,7.42,7.5,7.42,7.42,10,10,10,7.58,0.1,0
568,7.67,7.25,7.42,7.42,7.67,7.42,10,10,10,7.58,0.13,0
569,7.17,7.83,7.33,7.5,7.75,7.42,10,10,10,7.42,0,0
570,7.5,7.5,7.5,7.67,7.42,7.5,10,10,10,7.33,0.1,0
571,7.42,7.5,7.42,7.58,7.42,7.5,10,10,10,7.58,0.11,0
572,7.58,7.67,7.33,7.5,7.5,7.42,10,10,10,7.42,0.12,0
573,7.25,7.33,7.25,7.5,7.42,7.5,10,10,10,8.17,0,0
574,7.5,7.58,7.5,7.92,7.42,7.67,9.33,10,10,7.5,0.12,0
575,7.67,7.42,7.33,7.5,7.58,7.5,10,10,10,7.42,0.11,0
576,7.5,7.42,7.42,7.67,7.42,7.58,10,10,10,7.42,0.12,0
577,7.42,7.58,7.5,7.42,7.58,7.5,10,10,10,7.42,0.13,0
578,7.42,7.58,7.33,7.58,7.5,7.5,10,10,10,7.5,0.14,0
579,7.75,7.33,7.25,7.58,7.58,7.33,10,10,10,7.58,0.13,0
580,7.5,7.58,7.33,7.5,7.5,7.5,10,10,10,7.5,0.11,0
581,7.58,7.58,7.17,7.5,7.5,7.5,10,10,10,7.58,0.14,0
582,7.58,7.33,7.33,7.58,7.5,7.5,10,10,10,7.58,0.11,0
583,7.67,7.58,7.33,7.42,7.58,7.33,10,10,10,7.5,0.13,0
584,7.83,7.5,7.42,7.67,7.17,7.33,10,10,10,7.5,0.12,0
585,7.67,7.33,7.25,7.42,7.5,7.67,10,10,10,7.58,0,0
586,7.33,7.58,7.17,7.58,7.42,7.58,10,10,10,7.75,0,0
587,7.58,7.25,7.42,7.25,7.58,7.83,10,10,10,7.5,0.02,0
588,7.5,7.58,7.33,7.5,7.42,7.42,10,10,10,7.58,0.1,1
589,7.33,7.5,7.5,7.33,7.5,7.5,10,10,10,7.67,0.11,3
590,7.5,7.5,7.42,7.5,7.42,7.5,10,10,10,7.5,0.11,2
591,7.75,7.5,7.25,7.25,7.42,7.67,10,10,10,7.5,0.1,1
592,7.75,7.33,7.5,7.5,7.33,7.58,10,10,10,7.33,0,2
593,7.5,7.58,7.42,7.5,7.42,7.42,10,10,10,7.5,0.12,6
594,8.25,7.83,7.25,8.33,8.17,8.08,10,6.67,10,7.75,0.07,0
595,7.5,7.42,7.17,7.83,7.5,7.5,10,10,10,7.42,0.1,0
596,7.33,7.58,7.42,7.58,7.33,7.5,10,10,10,7.58,0.12,0
597,7.75,8.08,7.67,8.08,8.08,8,10,10,6.67,8,0.11,0
598,7.58,7.67,7.5,7.58,7.75,7.5,9.33,10,10,7.42,0.12,0
599,7.42,7.33,7.5,7.17,7.08,8.33,10,10,10,7.5,0.1,0
600,7.5,7.5,7.5,7.5,7.5,7.5,10,10,10,7.33,0.11,0
601,7.5,7.5,7.5,7.5,7.5,7.5,10,10,10,7.33,0.11,0
602,7.5,7.42,7.58,7.5,7.5,7.58,10,10,10,7.25,0.12,0
603,7.5,7.42,7.5,7.5,7.5,7.58,10,10,10,7.33,0,0
604,7.67,7.5,7.42,7.5,7.42,7.42,10,10,10,7.42,0.12,0
605,7.67,7.5,7.33,7.67,7.5,7.33,10,10,10,7.33,0.11,0
606,7.58,7.67,7.58,7.33,7,7.58,10,10,10,7.58,0.15,0
607,7.67,7.58,7.5,7.58,7.5,7.5,10,10,10,7,0.13,0
608,7.5,7.67,7.33,7.5,7.33,7.5,10,10,10,7.5,0.1,0
609,7.58,7.5,7.42,7.5,7.5,7.42,10,10,10,7.42,0.12,0
610,8,7.75,7.33,7.33,7.08,7.67,9.33,10,10,7.83,0.11,0
611,7.58,7.58,7.25,7.58,7.42,7.5,10,10,10,7.42,0.11,0
612,7.83,7.58,7.33,7.25,7.58,7.42,10,10,10,7.33,0,0
613,7.58,7.5,7.25,7.42,7.67,7.33,10,10,10,7.5,0.09,6
614,7.67,7.5,7.25,7.67,7.42,7.42,10,10,10,7.33,0.11,2
615,7.42,7.67,7.5,7.08,7.5,7.42,10,10,10,7.67,0,0
616,7.58,7.67,7.5,7.67,7.83,8.42,9.33,9.33,9.33,7.58,0.12,0
617,7.58,7.5,7.42,7.58,7.42,7.42,10,10,10,7.33,0.11,0
618,7.58,7.42,7.33,7.42,7.58,7.5,10,10,10,7.42,0.13,0
619,7.75,7.58,7.42,7.42,7.33,7.33,10,10,10,7.42,0.11,0
620,7.5,7.5,7.5,7.5,7.5,7.5,10,10,10,7.25,0.11,0
621,7.58,7.58,7.42,7.42,7.42,7.42,10,10,10,7.42,0.12,0
622,7.58,7.58,7.5,7.17,7.42,7.42,10,10,10,7.58,0.16,0
623,7.5,7.5,7.33,7.58,7.67,7.33,10,10,10,7.33,0.11,0
624,7.5,7.58,7.42,7.67,7.33,7.42,10,10,10,7.33,0.13,0
625,7.67,7.58,7.33,7.5,7.42,7.42,10,10,10,7.33,0.12,0
626,7.33,7.58,7.42,7.67,7.33,7.5,10,10,10,7.42,0.11,0
627,7.42,7.5,7.42,7.58,7.42,7.5,10,10,10,7.42,0.1,0
628,7.5,7.42,7.67,7.33,7.58,7.33,10,10,10,7.42,0.12,0
629,7.67,7.33,7.33,7.33,7.5,7.5,10,10,10,7.58,0.11,0
630,7.42,7.42,7.5,7.42,7.42,7.5,10,10,10,7.5,0.11,1
631,7.5,7.5,7.17,7.42,7.5,7.5,10,10,10,7.58,0.11,1
632,7.5,7.5,7.33,7.42,7.5,7.42,10,10,10,7.5,0.1,0
633,7.58,7.42,7.42,7.33,7.5,7.42,10,10,10,7.5,0.13,0
634,7.42,7.42,7.42,7.5,7.5,7.33,10,10,10,7.58,0.12,0
635,6.92,7.58,7.42,7.33,7.83,7.5,10,10,10,7.58,0,0
636,7.42,7.42,7.17,7.75,7.25,7.67,10,10,10,7.5,0.12,0
637,7.67,7.5,7.25,7.42,7.58,7.42,10,10,10,7.33,0.11,0
638,7.42,7.42,7.5,7.5,7.42,7.5,10,10,10,7.42,0.09,0
639,7.75,7.42,7.42,7.58,7.33,7.42,10,10,10,7.25,0.12,0
640,7.42,7.33,7.17,7.42,7.33,8.17,10,10,10,7.33,0.12,0
641,7.5,7.5,7.33,7.42,7.5,7.42,10,10,10,7.5,0.1,0
642,7.5,7.5,7.5,7.5,7.5,7.5,10,10,10,7.17,0.11,0
643,7.67,7.5,7.5,7.17,7.17,7.58,10,10,10,7.58,0,0
644,7.33,7.25,7.25,7.58,7.75,7.5,10,10,10,7.5,0,0
645,7.5,7.67,7,7.5,7.33,7.5,10,10,10,7.67,0.15,0
646,7.25,7.75,7,7.75,8.17,7.75,10,10,9.33,7.17,0.12,0
647,7.5,7.58,7.25,7.5,7.5,7.33,10,10,10,7.5,0.12,0
648,7,7.67,7.5,7.5,7.42,7.5,10,10,10,7.58,0.1,0
649,7.58,7.67,7.42,7.17,7.17,7.75,10,10,10,7.42,0.08,0
650,7.5,7.5,7.42,7.42,7.5,7.42,10,10,10,7.33,0.15,0
651,7.42,7.58,7.42,7.5,7.42,7.25,10,10,10,7.5,0.11,1
652,7.25,7.25,7.58,7.58,7.25,7.92,10,10,10,7.25,0,0
653,7.75,7.42,7.42,7.25,7.17,7.42,10,10,10,7.67,0,0
654,7.42,7.33,7.42,7.42,7.5,7.58,10,10,10,7.42,0.12,0
655,7.42,7.5,7.5,7.33,7.33,7.5,10,10,10,7.5,0.12,0
656,7.58,7.33,7.33,7.33,7.5,7.67,10,10,10,7.33,0.11,0
657,7.42,7.58,7.5,7.33,7.42,7.42,10,10,10,7.42,0.13,0
658,7.5,7.42,7.42,7.5,7.25,7.5,10,10,10,7.5,0.13,0
659,7.67,7.5,7.25,7.58,7.42,7.33,10,10,10,7.33,0.11,0
660,7.67,8,7.17,7.08,7.67,7.08,10,10,10,7.42,0.12,0
661,7.58,7.42,7.25,7.75,7.33,7.42,10,10,10,7.33,0.11,0
662,7.67,7.42,7.67,7.33,7.25,7.58,10,10,10,7.17,0.08,0
663,7.5,7.5,7.17,7.5,7.5,7.42,10,10,10,7.42,0.12,0
664,7.5,7.5,7.25,7.33,7.42,7.5,10,10,10,7.5,0.1,1
665,7.5,7.33,7.42,7.5,7.33,7.42,10,10,10,7.5,0.11,2
666,7.67,7.33,7.33,7.42,7.42,7.42,10,10,10,7.42,0.13,0
667,7.42,7.5,7.25,7.33,7.5,7.5,10,10,10,7.5,0.12,0
668,7.42,7.42,7.33,7.58,7.33,7.42,10,10,10,7.5,0.12,0
669,7.5,7.42,7.33,7.58,7.33,7.5,10,10,10,7.33,0.13,0
670,7.33,7.5,7.17,7.42,7.5,7.33,10,10,10,7.75,0.09,0
671,7.58,7.5,7.42,7.42,7.33,7.42,10,10,10,7.33,0.11,0
672,7.5,7.25,7.33,7.33,7.75,7.5,10,10,10,7.33,0.1,0
673,7.33,7.33,7.33,7.5,7.5,7.83,10,10,10,7.17,0.11,0
674,7.33,7.33,7.58,7.5,7.5,7.58,10,10,10,7.17,0.11,0
675,7.42,7.58,7.33,7.42,8,7.5,9.33,10,10,7.42,0.12,0
676,7.33,7.67,7.42,7.17,7.33,7.42,10,10,10,7.67,0.11,0
677,7.67,7.33,7.25,7.5,7.42,7.42,10,10,10,7.42,0.12,0
678,7.42,7.5,7.33,7.5,7.33,7.5,10,10,10,7.42,0.12,0
679,7.42,7.5,7.25,7.5,7.5,7.42,10,10,10,7.42,0.11,0
680,7.58,7.5,7.17,7.5,7.5,7.42,10,10,10,7.33,0.12,0
681,7.75,7.33,7.33,7.42,7.75,7.67,10,10,9.33,7.42,0,0
682,7.33,7,7.08,7.42,7.5,7.67,10,10,10,8,0.07,0
683,7.58,7.5,7.25,7.58,7.58,7.5,9.33,10,10,7.58,0.1,0
684,7.5,7.5,7.25,7.42,7.42,7.42,10,10,10,7.42,0.11,2
685,7.58,7.5,7.25,7.33,7.42,7.5,10,10,10,7.33,0.12,0
686,7.42,7.33,7.33,7.5,7.5,7.33,10,10,10,7.5,0.11,0
687,7.67,7.58,7.33,7.5,7.5,7.67,10,10,9.33,7.33,0.11,0
688,7.58,7.58,7.17,7.83,7.17,7.33,10,10,10,7.25,0.11,0
689,7.33,7.33,7.33,7.42,7.5,7.58,10,10,10,7.42,0.12,0
690,7.67,7.08,7.42,7.33,7.75,7.42,10,10,10,7.25,0,0
691,7.5,7.5,7.42,7.25,7.5,7.5,10,10,10,7.25,0.11,0
692,7.58,7.5,7.25,7.58,7.5,7.25,10,10,10,7.25,0.12,0
693,7.5,7.5,7.25,7.25,7.5,7.5,10,10,10,7.42,0.13,0
694,7.5,7.42,7.25,7.5,7.33,7.33,10,10,10,7.58,0.14,0
695,7.33,7.58,7.17,7.58,7.42,7.33,10,10,10,7.5,0.12,0
696,7.67,7.42,7.33,7.83,7.5,7.5,9.33,10,10,7.33,0.12,0
697,7.42,7.58,7.25,7.5,7.33,7.5,10,10,10,7.33,0.12,0
698,7.67,7.33,7.33,7.58,7.33,7.33,10,10,10,7.33,0.09,0
699,7.42,7.5,7.25,7.5,7.33,7.42,10,10,10,7.42,0.1,0
700,7.25,7.33,7.5,7.33,7.67,7.42,10,10,10,7.33,0,0
701,7.42,7.5,7.42,7.5,7.42,7.25,10,10,10,7.33,0.11,1
702,7.75,7.83,7.58,7.75,7.92,7.83,10,10,10,5.17,0.11,1
703,7.58,7.5,7.33,7.42,7.58,7.25,10,10,10,7.17,0.1,0
704,7.17,7.58,6.83,7.5,7.75,7.25,10,10,10,7.75,0,0
705,7.58,7,6.92,6.92,7.67,7.5,10,10,10,8.25,0,0
706,7.33,7.58,7.5,7.42,7.33,7.33,10,10,10,7.33,0,0
707,7.58,7.5,7.33,7.5,7.17,7.33,10,10,10,7.42,0.11,0
708,7.5,7.5,7.33,7.5,7.42,7.25,10,10,10,7.33,0.12,0
709,7.67,7.5,7.5,7.25,7.08,7.42,10,10,10,7.42,0.09,0
710,7.67,7.33,7.17,7.25,7.75,7.33,10,10,10,7.33,0,0
711,7.42,7.42,7.42,7.33,7.42,7.42,10,10,10,7.42,0.11,0
712,7.58,7.42,7.33,7.33,7.33,7.42,10,10,10,7.42,0.13,0
713,7.33,7.58,7.25,7.17,7.83,7.33,10,10,10,7.33,0.11,0
714,7.5,7.5,7.33,7.33,7.33,7.33,10,10,10,7.5,0.1,0
715,7.42,7.42,7.25,7.5,7.33,7.42,10,10,10,7.5,0.11,0
716,7.5,7.5,7,7.42,7.5,7.58,10,10,10,7.33,0,0
717,7.75,7.75,7.5,7.42,7.83,7.75,9.33,9.33,9.33,7.83,0.12,0
718,7.83,7.67,7.33,7.33,7.67,7.83,9.33,10,9.33,7.5,0.11,0
719,7.83,7.33,7.25,7.58,7.25,7.33,10,10,10,7.25,0.12,0
720,7.33,7.33,7.25,7.5,7.5,7.5,10,10,10,7.42,0.12,0
721,7.33,7.67,7.25,7.5,7.5,7.25,10,10,10,7.33,0.02,0
722,7.58,7.5,7.17,7.58,7.33,7.33,10,10,10,7.33,0.05,0
723,7.5,7.5,7.25,7.42,7.42,7.33,10,10,10,7.33,0.11,1
724,7,7.08,7.33,7.5,7.5,7.33,10,10,10,8,0.12,0
725,7.42,7.42,7.42,7.42,7.33,7.33,10,10,10,7.42,0.12,0
726,7.5,7.5,7.33,7.42,7.25,7.25,10,10,10,7.5,0.13,0
727,7.42,7.5,7.17,7.67,7.33,7.42,10,10,10,7.25,0.13,0
728,7.42,7.5,7.33,7.58,7.33,7.33,10,10,10,7.25,0.11,0
729,7.33,7.42,7.33,7.67,7.42,7.25,10,10,10,7.33,0.12,0
730,7.5,7.42,7.25,7.33,7.67,7.25,10,10,10,7.33,0.12,0
731,7.33,7.42,7.33,7.33,7.5,7.67,10,10,10,7.17,0,0
732,7.42,7.58,6.92,7.08,7.25,8,10,10,10,7.5,0.08,0
733,7.42,7.5,7.25,7.5,7.5,7.25,10,10,10,7.25,0.11,0
734,7.42,7.42,7.08,7.42,7.33,7.42,10,10,10,7.58,0.1,0
735,7.42,7.33,7.17,7.67,7.33,7.42,10,10,10,7.33,0.12,1
736,7.58,7.5,7.33,7.33,7.42,7.25,10,10,10,7.25,0.11,0
737,7.17,7.33,7.33,7.42,7.5,7.33,10,10,10,7.58,0,0
738,7.25,7.75,6.92,7.42,7.5,7.58,10,10,10,7.25,0,0
739,7.42,7.33,7.25,7.42,7.5,7.42,10,10,10,7.33,0.12,0
740,7.33,7.33,7.5,7.25,7.42,7.33,10,10,10,7.5,0.12,0
741,7.25,7.42,7.25,7.5,7.5,7.42,10,10,10,7.33,0.1,0
742,7.5,7.33,7.5,7.5,7.17,7.17,10,10,10,7.5,0.1,0
743,7.5,7.17,7.17,7.17,7.5,7.08,10,10,10,8.08,0.11,0
744,7.5,7.5,7.5,7.25,7.42,7.25,10,10,10,7.25,0.11,0
745,7.58,7.42,7.33,7.42,7.33,7.33,10,10,10,7.25,0.11,0
746,7.5,7.42,7.08,7.58,7.33,7.33,10,10,10,7.42,0.12,0
747,7.5,7.67,7.33,7.33,7.33,7.33,10,10,10,7.17,0.11,0
748,7.25,7.67,7.58,7.67,7.67,7.58,8.67,10,10,7.58,0.13,0
749,7.67,7.25,7.17,7.75,7.5,7.25,10,10,10,7.08,0.11,0
750,7.5,7.42,7.33,7.42,7.42,7.42,10,10,10,7.17,0.11,0
751,7.58,7.42,7.25,7.58,7.25,7.17,10,10,10,7.42,0.11,0
752,7.75,7.58,7.25,7.17,7.58,7.33,9.33,10,10,7.67,0.11,0
753,7.5,7.42,7.08,7.42,7.5,7.33,10,10,10,7.33,0.11,1
754,7.42,7.42,7.08,7.5,7.42,7.33,10,10,10,7.42,0.12,0
755,7.42,7.42,7.25,7.67,7.33,7.25,10,10,10,7.25,0.1,0
756,7.58,7.42,7.5,7.17,7.08,7.58,10,10,10,7.25,0.12,0
757,7.42,7.42,7.33,7.42,7.42,7.33,10,10,10,7.25,0.12,0
758,7.42,7.42,7.17,7.58,7.33,7.33,10,10,10,7.33,0.13,0
759,7.33,7.17,7.08,7.08,8.33,8.25,10,10,9.33,7,0,0
760,7.42,7.42,7.33,7.33,7.5,7.25,10,10,10,7.33,0.12,0
761,7.42,7.33,7.17,7.58,7.42,7.5,10,10,10,7.17,0.12,0
762,7.67,7.5,7.42,7.5,6.75,7.42,10,10,10,7.33,0.12,0
763,7.33,7.5,7.25,7.5,7.5,7.17,10,10,10,7.33,0.11,0
764,7.67,7.58,7.42,7.58,7.58,7.42,10,10,8.67,7.67,0.11,0
765,7.08,7.33,7.58,7.58,7.17,7.5,10,10,10,7.33,0.01,0
766,7.25,7.17,7.33,7.33,7.5,7.75,10,10,10,7.25,0,0
767,7.67,7.58,7.17,7.42,7.33,7.42,9.33,10,10,7.58,0.1,0
768,7.5,7.42,7.33,7.33,7.25,7.33,10,10,10,7.33,0.11,0
769,7.5,7.5,7.33,7.42,7.17,7.25,10,10,10,7.33,0.1,0
770,7.5,7.42,7.33,7.08,7.58,7.25,10,10,10,7.33,0.12,0
771,7.25,7.42,7.25,7.5,7.33,7.33,10,10,10,7.42,0,0
772,7.83,7.33,7.08,7.08,7.33,7.5,10,10,10,7.33,0.12,0
773,7.67,7.42,6.92,7.5,7.5,7.17,10,10,10,7.33,0.12,0
774,7.5,7.42,7.17,7.58,7.25,7.42,10,10,10,7.17,0.12,0
775,7.42,7.33,7.67,7.33,7.42,7.5,10,10,9.33,7.5,0.11,0
776,7.58,7.5,7.5,7.67,7.67,7.83,9.33,9.33,9.33,7.75,0,0
777,7.5,7.42,7.25,7.25,7.33,7.33,10,10,10,7.42,0.11,0
778,7.33,7.33,7.17,7.42,7.5,7.5,10,10,10,7.25,0.13,0
779,7.58,7.42,7.25,7.42,7.33,7.33,10,10,10,7.17,0.12,0
780,7.42,7.25,7.17,7.42,7.17,8,10,10,10,7.08,0.12,0
781,7.33,7.5,7.33,7.33,7.33,7.42,10,10,10,7.25,0.11,0
782,7.42,7.42,7.33,7.17,7.25,7.42,10,10,10,7.5,0.13,0
783,7.5,7.5,7.25,7.5,7.42,7.58,9.33,10,10,7.42,0.11,0
784,7.75,7.17,7.17,7.33,7.58,7.33,10,10,10,7.17,0.12,0
785,7.5,7.42,7.17,7.42,7.5,7.33,10,10,10,7.17,0.12,0
786,7.42,7.42,7.17,7.42,7.42,7.33,10,10,10,7.33,0.06,0
787,7.58,7.33,7.08,7.33,7.5,7.33,10,10,10,7.25,0.12,5
788,7.42,7.33,7.08,7.58,7.33,7.25,10,10,10,7.42,0.1,0
789,7.33,7.5,7.5,7.33,6.83,7.42,10,10,10,7.5,0.11,0
790,7.5,7.33,7.17,7.25,7.5,7.42,10,10,10,7.25,0.12,0
791,7.83,7.75,7.42,7.17,7.08,7.08,10,10,10,7.08,0.12,0
792,7.58,7.17,7.33,7.42,7.08,7.42,10,10,10,7.42,0.12,0
793,7.25,7.5,7.42,7.17,7.33,7.33,10,10,10,7.42,0,0
794,7.42,7.5,7.17,7.42,7.42,7.42,10,10,10,7.08,0.1,0
795,7.67,7.33,7.25,7.17,7.25,7.42,10,10,10,7.33,0,0
796,7.42,7.33,7.25,7.42,7.42,7.5,10,10,10,7.08,0.12,0
797,7.42,7.33,7.25,7.17,7.25,7.42,10,10,10,7.58,0.13,0
798,7.42,7.42,7.25,7.25,7.5,7.33,10,10,10,7.25,0.13,0
799,7.5,7.42,7.25,7.17,7.17,7.75,10,10,10,7.17,0.11,0
800,7.75,7.33,7.42,7,7.33,7.25,10,10,10,7.33,0.16,0
801,7.5,7.5,7,7.17,7.5,7.33,10,10,10,7.33,0.11,2
802,7.67,7.42,7,7.42,7.58,7.08,10,10,10,7.17,0.12,2
803,7.25,7.33,7.33,7.33,7.33,7.42,10,10,10,7.33,0.11,0
804,7.58,7.42,7.17,7.42,7.17,7.17,10,10,10,7.42,0.09,0
805,7.17,7.33,7.42,7.25,7.42,7.33,10,10,10,7.42,0.12,0
806,7.08,7.33,7.42,7.33,7.33,7.5,10,10,10,7.33,0.14,0
807,7.75,7.33,7.08,7.33,7.33,7.25,10,10,10,7.25,0.13,0
808,7.33,7.33,7.17,7.33,7.5,7.33,10,10,10,7.33,0.12,0
809,7.58,7.42,7.25,7.33,7.25,7.25,10,10,10,7.25,0.13,0
810,7.33,7.25,7.17,7.42,7.58,7.33,10,10,10,7.25,0.12,0
811,7.5,7.58,7.5,7.5,7.75,7.83,9.33,9.33,9.33,7.58,0.11,0
812,7.83,7.75,7.67,7.83,7.83,7.75,9.33,10,10,5.25,0.12,0
813,7.17,7.42,7.17,7.08,6.92,8.17,10,10,10,7.33,0,0
814,7.08,7.5,7.33,7.17,7.42,7.25,10,10,10,7.5,0.1,0
815,7.42,7.17,7.17,7.5,7.33,7.25,10,10,10,7.42,0.12,0
816,7.33,7.17,7.17,7.5,7.25,7.42,10,10,10,7.42,0.13,0
817,7.5,7.5,7.25,7.25,7.25,7.25,10,10,10,7.25,0.11,0
818,7.5,7.33,7.5,7.58,7,7.25,10,10,10,7.08,0.11,0
819,7.42,7.42,7.33,7.33,7.5,7.42,9.33,10,10,7.5,0.12,0
820,7.33,7.5,7.17,7.17,7.58,7.17,10,10,10,7.25,0.09,0
821,7.67,7.17,7.17,7.33,7.5,7.17,10,10,10,7.17,0.12,0
822,7.75,7.58,7.08,7.25,7.08,7.25,10,10,10,7.17,0.12,0
823,7.5,7.5,7.33,7.17,7.08,7.17,10,10,10,7.42,0.11,0
824,7.42,7.33,7,7.42,7.33,7.33,10,10,10,7.33,0.13,0
825,6.83,7.42,7.42,7.17,7.5,7.42,10,10,10,7.42,0.12,0
826,7.25,7.25,7.25,7.08,7.58,7.5,10,10,10,7.25,0,0
827,7.58,7.17,7.17,7.33,7.33,7.25,10,10,10,7.33,0.12,0
828,7.58,7.25,7.33,7.08,7.33,7.33,10,10,10,7.25,0.12,0
829,7.33,7.08,7.33,7.25,7.33,7.58,10,10,10,7.25,0.11,0
830,7.42,7.25,7.08,7.75,7.42,7.17,10,10,10,7.08,0.13,0
831,7.42,7.25,7.33,7.25,7.25,7.42,10,10,10,7.25,0.12,0
832,7.42,7.33,7.25,7.42,7.5,7.17,10,10,10,7.08,0.12,0
833,7.58,7.42,7.5,7.25,7.75,7.58,9.33,10,9.33,7.33,0.11,0
834,7.33,7.33,7.33,7.42,7.33,7.33,10,10,10,7,0.11,0
835,7.42,7.33,7.33,7.25,7.25,7.33,10,10,10,7.17,0.13,0
836,7.42,7.25,7.17,7.25,7.25,7.58,10,10,10,7.17,0.13,0
837,7.25,7.42,7.33,7.33,7.17,7.33,10,10,10,7.25,0.13,0
838,7.33,7.25,7.33,7.42,7.25,7.42,10,10,10,7.08,0.12,0
839,7.33,7.33,7.25,7.42,7.25,7.25,10,10,10,7.25,0.11,0
840,7.42,7.33,7.25,7.42,7.17,7.25,10,10,10,7.25,0.1,0
841,7.42,7.08,7.08,7.33,7.25,7.58,10,10,10,7.25,0,2
842,7.42,7.25,7.17,7.5,7.25,7.17,10,10,10,7.25,0.09,0
843,7.67,7.5,7.42,5.25,7.67,7.75,10,10,10,7.75,0,4
844,7.5,7.25,7,7.25,7.5,7.25,10,10,10,7.25,0.11,0
845,7.25,7.17,7.17,7.25,7.5,7.33,10,10,10,7.33,0.12,0
846,7.42,7.25,7.25,7.33,7.25,7.17,10,10,10,7.33,0.12,0
847,7.33,7.33,7.08,7.42,7.17,7.33,10,10,10,7.33,0.12,0
848,7.33,6.92,7.17,7.33,7.42,7.42,10,10,10,7.42,0.12,0
849,7.5,6.92,7.33,7.33,7.33,7.33,10,10,10,7.25,0.11,0
850,7.33,7.42,7.25,7.42,7.25,7.17,10,10,10,7.17,0,0
851,7.08,7.33,7.33,7.33,7.42,7.25,10,10,10,7.25,0.12,0
852,7.58,7.67,7.5,7.67,7.58,7.5,8,10,10,7.5,0,0
853,7.33,7.17,7.25,7.33,7.33,7.25,10,10,10,7.25,0,0
854,7.67,7.67,7.33,7.58,7.67,7.5,9.33,9.33,9.33,7.5,0.1,0
855,7.17,7.58,7.5,7.5,8,7.75,10,10,10,5.42,0.11,0
856,7.5,7.33,7.17,7.42,7.5,7.33,9.33,10,10,7.33,0.11,0
857,7.17,7.42,7,7.58,7.33,7,10,10,10,7.42,0,0
858,7.33,7.17,7.17,7.25,7.42,7.33,10,10,10,7.25,0.12,0
859,7.25,7.33,7.25,7.25,7.25,7.33,10,10,10,7.25,0.12,0
860,7.92,7.67,7.33,7.08,7.08,7.08,10,10,10,6.75,0.09,0
861,7.17,7.42,7.17,7.25,7.25,7.33,10,10,10,7.33,0.1,0
862,7.58,7.42,6.92,7.5,7.25,7.17,10,10,10,7.08,0.12,0
863,7.42,7.25,7.25,7.25,7.25,7.25,10,10,10,7.25,0.11,0
864,7.25,7.17,7.08,7.08,7.08,8.08,10,10,10,7.17,0.11,0
865,7.42,7.25,7.25,7.25,7.25,7.25,10,10,10,7.25,0.11,0
866,7.58,7.33,7.08,7.5,7.17,7.25,10,10,10,7,0.13,0
867,7.42,7.33,7.17,7.17,7.17,7.25,10,10,10,7.33,0,0
868,7.67,7.25,7.08,7.33,7.17,7.25,10,10,10,7.08,0.11,0
869,7.17,7.08,7.25,7.42,7.25,7.33,10,10,10,7.33,0.13,0
870,7.33,7.25,7.33,7.33,7.25,7.17,10,10,10,7.17,0.11,0
871,7.5,7.17,7.33,7.25,7.17,7.17,10,10,10,7.25,0.13,0
872,7.33,7.33,7,6.83,7.33,7.67,10,10,10,7.33,0.01,0
873,6.92,7.5,7,7.58,7.5,7.08,10,10,10,7.17,0,0
874,7.5,7.33,7,7.42,7.17,7.17,10,10,10,7.17,0.12,0
875,7.25,7.25,7.17,7.25,7.33,7.25,10,10,10,7.25,0.12,0
876,7.5,7.33,7,7.42,7.25,7.17,10,10,10,7.08,0.11,0
877,7.25,7.33,7.17,7.33,7.33,7.17,10,10,10,7.17,0.11,0
878,7.42,7.17,7.08,7.42,7.25,7.25,10,10,10,7.17,0.09,0
879,7.25,7.33,7.08,7.5,7.25,7.33,10,10,10,7,0.13,0
880,7.58,7.33,7.42,7.25,7.5,7.5,9.33,9.33,10,7.5,0.11,0
881,7.42,7,7.42,7.25,7.08,7.33,10,10,10,7.25,0.12,0
882,7.58,7.42,7,7.67,7.5,7.5,9.33,9.33,10,7.33,0.13,0
883,7.67,7.42,6.83,7.17,7.42,7.17,10,10,10,7,0.11,0
884,7.83,7.5,7.67,7.67,7.83,7.5,6.67,10,10,8,0.11,0
885,7.5,7.25,7.17,7.17,7.25,7.17,10,10,10,7.17,0.12,0
886,7.25,7.17,7.17,7.25,7.17,7.42,10,10,10,7.25,0.12,0
887,7.67,7.5,7.42,7.67,7.5,7.75,10,10,6.67,8.5,0,0
888,7.67,7.17,7,7.5,7,7,10,10,10,7.33,0.12,0
889,7.25,7.08,7.08,7.33,7.33,7.25,10,10,10,7.25,0.12,0
890,7.42,7.25,7.33,7,7.08,7.25,10,10,10,7.25,0,0
891,7.5,7.17,7,7.42,7.33,7,10,10,10,7.17,0.11,0
892,7.17,7.42,6.83,7.5,7.17,7.25,10,10,10,7.25,0.11,0
893,7.17,7.17,7.17,7.42,7.17,7.25,10,10,10,7.17,0,0
894,7.33,7.25,7.08,7.17,7.25,7.17,10,10,10,7.25,0.1,0
895,7.58,7.33,7,7.17,7.33,7.08,10,10,10,7,0.11,0
896,7.25,7.25,7.17,7.17,7.25,7.17,10,10,10,7.25,0.12,0
897,7.25,7.33,7.17,7.5,7.33,7.25,9.33,10,10,7.33,0.11,0
898,7.17,7.33,7.17,7.42,7.25,7.08,10,10,10,7.08,0,0
899,7.5,7.17,6.83,7.5,7.17,7.17,10,10,10,7.17,0.11,0
900,7.42,7.42,7.08,7.33,7.67,7.5,9.33,9.33,10,7.42,0.1,0
901,7.5,7.5,7,7.67,7.17,7,10,10,10,6.67,0.12,0
902,7.25,7.25,7.08,7.33,7.25,7.17,10,10,10,7.17,0.15,0
903,7.25,7.42,7,7.42,7.33,7,10,10,10,7,0.1,0
904,7.58,7.17,7.17,7.17,7.17,7.17,10,10,10,7,0.14,0
905,7.33,7.17,7.08,7.08,7.33,7.17,10,10,10,7.25,0,0
906,7.25,7.08,7.25,7.17,7.33,7.17,10,10,10,7.17,0.17,0
907,7.25,7.25,7.17,7.25,7.25,7.25,10,10,10,7,0.11,0
908,6.92,7.17,7.08,7.5,7.33,7.17,10,10,10,7.25,0.1,0
909,7.42,7.08,7.08,7.33,7.25,7.17,10,10,10,7.08,0.12,0
910,7.08,7.25,7.17,7.33,7.08,7.08,10,10,10,7.33,0.12,0
911,7.25,7.17,7,7.25,7.42,7.08,10,10,10,7.17,0.13,0
912,7.25,7.25,7.08,7.25,7.25,7.25,10,10,10,7,0.11,0
913,7.33,7.33,6.83,7.5,7,7.17,10,10,10,7.17,0.11,0
914,7.25,7.08,7.08,7.33,7.33,7.17,10,10,10,7.08,0.11,0
915,7.17,7.33,7.42,7.08,7,7,10,10,10,7.25,0.11,1
916,7.25,7.25,7,7,7.42,7,10,10,10,7.33,0.1,0
917,7.25,7.17,7,7.33,7.33,7,10,10,10,7.17,0.1,0
918,8,7.08,7,7.33,7.08,6.92,10,10,10,6.83,0.11,0
919,7.42,7,7.08,7,7.17,7.33,10,10,10,7.25,0,0
920,7.08,6.92,7,7.25,7.5,7.25,10,10,10,7.25,0.11,0
921,7.25,7.08,7.25,7.25,7.17,7.25,10,10,10,7,0.11,0
922,7,7.17,7.33,7.33,7,7.17,10,10,10,7.25,0.11,0
923,7.58,7.33,7.17,7.25,6.75,7,10,10,10,7.17,0.11,0
924,7.42,7.25,7.25,7.58,7.42,7.33,8.67,10,10,7.25,0,0
925,7.17,7.08,7.08,7.33,7.25,7.08,10,10,10,7.17,0.11,0
926,7.25,7.25,7,7.17,7.08,7.08,10,10,10,7.33,0.11,0
927,7.33,7.33,7,7.17,7.17,7.17,10,10,10,7,0.11,0
928,7.33,7.08,6.92,7.42,7.25,7.08,10,10,10,7.08,0.11,0
929,7.58,7.42,7.33,7.5,7.08,7.17,8.67,10,10,7.42,0.14,0
930,7.33,7.33,7.17,7.08,7.25,7,10,10,10,7,0.12,0
931,7.33,7.33,7,7.33,7,7,10,10,10,7.17,0.11,0
932,7.17,7.17,7,7.17,7.25,7.25,10,10,10,7.08,0.11,0
933,7.42,7.25,7.25,7.17,7,7,10,10,10,7,0.07,0
934,7.25,7.25,7.25,7.25,7.08,7,10,10,10,7,0.11,0
935,7.25,7.25,7.25,7,7.25,7.08,10,10,10,7,0.11,0
936,7.25,7.25,7.25,7.08,7.17,7.08,10,10,10,7,0.11,0
937,7.33,7.17,7.25,7.08,7.08,7.08,10,10,10,7.08,0.15,0
938,7.25,7.08,7,7.17,7.33,7.17,10,10,10,7.08,0.14,0
939,7.33,7.08,6.92,7.08,7.42,7.17,10,10,10,7,0.1,0
940,7.17,7.33,7,7.42,7.17,7,10,10,10,6.92,0,0
941,7.58,7.75,7.42,7.5,7.5,7.5,8.67,8.67,10,7.42,0,0
942,7.25,7.25,7.25,7,7.25,7,10,10,10,7,0.11,0
943,7.33,6.67,7.08,7.42,7.42,7.08,10,10,10,7,0,0
944,7.25,7.25,7.08,7.17,7.33,7.33,9.33,10,10,7.25,0.12,0
945,7.08,7.33,7,7.33,7.08,7,10,10,10,7.17,0.11,0
946,7.33,7.08,7.08,7.33,7.42,7.17,9.33,10,10,7.17,0.12,0
947,7.17,7.17,6.92,7.25,7.33,7.08,10,10,10,7,0.12,0
948,7.5,7.17,7,7.17,7.25,7.08,10,10,10,6.75,0,0
949,7.17,7.08,7.08,7.08,7.5,7.33,9.33,10,10,7.33,0.11,0
950,7.33,7.25,7,7.42,7.17,7.17,9.33,10,10,7.25,0.12,0
951,7.17,7.33,7.08,7.58,7.33,7.08,10,9.33,10,7,0.11,0
952,7,7.08,7,7.17,7.25,7.25,10,10,10,7.08,0.11,1
953,7.33,7.25,6.92,7.33,7.25,7.33,9.33,10,10,7.08,0.1,0
954,6.83,7.17,7.17,6.92,7.5,7.08,10,10,10,7.17,0.11,0
955,7.17,7.08,7,7.25,7.5,7,10,10,10,6.83,0.12,0
956,7.5,7.42,7.25,7.58,7.33,7.42,9.33,9.33,9.33,7.25,0.1,4
957,7.75,7.33,7.17,7.33,7.67,7.83,9.33,9.33,8.67,7.33,0,0
958,7.08,7.08,7.25,7,7.17,7.17,10,10,10,7,0.1,0
959,7.25,7.08,6.92,7.5,7.08,6.92,10,10,10,7,0.12,0
960,7.58,7.5,7.67,7.75,7.67,7.58,8,8,10,8,0.1,0
961,7.58,7.08,7,7,7.5,6.92,10,10,10,6.67,0.12,0
962,7.58,7.08,6.92,7.58,7.5,6.92,10,9.33,10,6.83,0.13,0
963,7.25,7.08,7,7.17,7.17,7.08,10,10,10,7,0.12,0
964,7.25,7.17,7.17,7.08,7.17,7,10,10,10,6.92,0.14,0
965,7.33,7.25,7,7.08,7.08,7,10,10,10,7,0.1,0
966,7.25,6.83,6.92,7.08,7.25,7.08,10,10,10,7.33,0.12,0
967,7.42,7.42,7.25,7.58,7.42,7.33,9.33,9.33,9.33,7.25,0.1,2
968,7.25,7.08,7,6.83,7.33,7.17,10,10,10,7,0,0
969,6.92,7.17,6.83,7.42,7.17,7.08,10,10,10,7.08,0.12,0
970,7.5,7,6.83,7.08,7.08,7.17,10,10,10,7,0.11,0
971,7.42,7.25,6.83,7.58,7.17,6.58,10,10,10,6.83,0.12,0
972,7.33,7.17,7,6.75,7.08,7,10,10,10,7.33,0.13,0
973,6.92,7.17,7.17,7.17,7.08,7.08,10,10,10,7.08,0,0
974,7.08,7,6.92,7.33,7.25,7.08,10,10,10,6.92,0.12,0
975,7.25,6.92,6.92,7.33,7.25,7,10,10,10,6.92,0.13,0
976,7.25,7.17,7,6.75,7.17,7.33,10,10,10,6.92,0.1,0
977,7.08,7,6.83,7.33,7.25,7,10,10,10,7.08,0.17,0
978,6.92,6.92,7,7.42,7.25,7,10,10,10,7,0.12,0
979,6.92,7,7.17,7,7.42,7,10,10,10,7,0,0
980,7.83,7.5,7.42,7.42,7.67,7.5,10,6.67,10,7.5,0,0
981,7.25,7.08,6.92,7.25,7.58,7.08,9.33,10,10,7,0.12,0
982,7.25,7.33,7,7.25,7.17,7.17,9.33,10,10,7,0.12,0
983,7.08,7.33,7.25,7.58,7.33,7.42,9.33,9.33,9.33,7.42,0.1,0
984,7.25,7.33,6.83,7,7,7.17,10,10,10,6.83,0.1,0
985,7,6.83,6.83,7.42,7.33,7.17,10,10,10,6.83,0.13,0
986,7.42,7.25,6.83,7,7.33,7.08,9.33,10,10,7.08,0.13,0
987,7,7,6.83,7.33,7.42,6.92,10,10,10,6.83,0.14,0
988,7.42,7.17,7.08,7.17,7.08,7.08,9.33,10,10,7,0.14,0
989,7.08,6.83,6.83,7.25,7.42,7.08,10,10,10,6.75,0.11,0
990,7,7,6.92,7.17,7.17,7.08,10,10,10,6.92,0.13,0
991,7.33,7.42,7.33,7.42,7.5,7.42,8.67,9.33,9.33,7.42,0.1,0
992,7.58,7,6.75,6.92,7,6.92,10,10,10,7,0.11,0
993,7.08,7,6.92,7.42,7,6.92,10,10,10,6.83,0.11,8
994,7.25,7.17,6.75,7.25,7,6.92,10,10,10,6.83,0.11,0
995,7.25,7.08,6.92,7.08,7.17,7.17,9.33,10,10,7.17,0.14,0
996,7.17,6.92,6.92,7.08,7.17,7,10,10,10,6.92,0.14,0
997,6.75,6.75,6.83,7.25,7.58,7.08,10,10,10,6.92,0.01,0
998,7.58,7.67,7.42,7.42,7.67,7.67,8.67,8.67,8.67,7.67,0.1,0
999,7.33,7,6.92,7.25,7.33,7.08,9.33,10,10,6.83,0.16,0
1000,7.25,7.08,6.75,7.33,7.42,7,9.33,10,10,6.92,0.11,0
1001,7.17,7.25,7.25,7.17,7.25,7.08,9.33,9.33,10,7.25,0.1,0
1002,7.33,7.17,6.58,7.42,7.08,6.83,10,10,10,6.58,0.12,0
1003,7,7,7,7,7,7,10,10,10,7,0.11,0
1004,7.67,7.17,7.08,7.25,8,7.5,8.67,9.33,9.33,7,0,0
1005,6.75,7.08,6.67,7.25,7.17,7.08,10,10,10,7,0.12,0
1006,7.5,7.17,6.92,7.5,7.25,7,8.67,10,10,7,0.14,0
1007,7.17,6.83,6.83,7.25,7.17,6.92,10,10,10,6.83,0.14,0
1008,7.33,7,6.75,7.08,7.17,7.25,9.33,10,10,7,0.12,0
1009,7.5,7,6.92,7.08,6.92,6.75,10,10,10,6.75,0.16,0
1010,7.17,7,6.92,7,7,7,10,10,10,6.75,0.1,2
1011,7.33,7.08,6.33,7.25,7,7,10,10,10,6.75,0.12,0
1012,7.25,6.83,6.83,7,7.17,7,10,10,10,6.67,0.14,0
1013,7.25,7.33,7.17,7.25,7.08,7,8.67,10,10,7,0.14,0
1014,7.67,7.17,6.83,7.33,7.58,7.17,9.33,10,8.67,7,0.12,0
1015,7,6.92,6.83,7.17,7.17,7.17,10,10,9.33,7.08,0,0
1016,6.92,6.92,6.67,7.25,7.17,6.92,10,10,10,6.83,0.13,0
1017,7.33,7.17,6.92,7.58,7.25,7.17,8.67,9.33,10,7.17,0.12,0
1018,6.83,6.75,7.17,7.25,7,6.92,10,10,10,6.67,0.1,0
1019,7,7,6.75,7.33,6.92,6.92,10,10,10,6.67,0.13,0
1020,7.92,7.58,7.58,7.92,7.92,7.5,8,6.67,10,7.5,0.1,0
1021,7.25,6.75,6.92,6.92,7.25,7.58,9.33,9.33,10,7.17,0,0
1022,7.08,6.83,6.83,7,7,6.92,10,10,10,6.83,0.12,0
1023,7.25,7.17,7,6.83,7.58,7.08,8.67,10,10,6.92,0.13,0
1024,7.58,7.17,7,7.17,7.33,7,8,10,10,7.17,0.14,0
1025,7.17,6.5,6.67,7,7.17,7.17,10,10,10,6.67,0.1,0
1026,7.17,7.17,6.5,7.17,7,6.83,10,10,10,6.5,0.11,0
1027,7.25,7.25,7,7.5,7.33,7.42,8,9.33,10,7.75,0.13,0
1028,6.92,6.83,6.92,6.92,6.92,6.83,10,10,10,6.83,0.13,0
1029,7.08,6.83,6.67,7.25,7.25,6.92,10,9.33,10,6.75,0.11,0
1030,7.5,7.08,7.33,7.17,7.5,7.5,6.67,10,10,7.25,0,0
1031,6.83,7,6.67,7,7,6.83,10,10,10,6.67,0.11,0
1032,7.42,7.25,6.83,7.33,7,6.92,9.33,9.33,9.33,7.25,0.1,0
1033,7.33,7.17,6.92,7.08,7.33,7,9.33,9.33,9.33,7.17,0.1,0
1034,7,6.83,6.83,7.17,6.67,6.83,10,10,10,6.67,0.11,0
1035,7.25,7.33,7,7,7.25,7.08,10,10,8,7.08,0.12,0
1036,7.5,7.25,7.42,7,7.08,6.83,8.67,9.33,10,6.83,0.12,0
1037,7.42,7.25,7,7,7.25,7.08,8,10,10,6.92,0.11,0
1038,7.42,7,7,7.17,7.08,7,9.33,8.67,10,7.17,0.1,0
1039,7,6.83,6.67,7.17,6.83,6.83,10,10,10,6.5,0.11,0
1040,7.17,6.75,6.58,7.33,7.33,7.17,9.33,9.33,10,6.67,0.11,0
1041,7.17,6.75,6.58,6.75,6.83,6.75,10,10,10,6.67,0.13,0
1042,7.08,6.92,6.33,7,6.92,7,10,10,10,6.17,0.11,0
1043,7.5,7.33,7.42,7.58,7.58,6.92,8,8,10,7,0,0
1044,7.33,7,6.83,7.17,7.17,7.17,9.33,9.33,9.33,6.67,0.1,0
1045,7.33,7,6.67,7,6.92,6.92,9.33,9.33,10,6.83,0.15,0
1046,7.08,7,7,7.25,7.33,7.25,8.67,8.67,10,6.92,0.12,0
1047,7.42,7.75,7.42,7.67,7.92,7.83,8.67,5.33,9.33,7.67,0,0
1048,6.67,6.33,6.42,6.83,7,6.92,10,10,10,6.58,0,0
1049,7.17,6.58,6.58,7,7.25,6.58,9.33,9.33,10,6.58,0.13,0
1050,7.5,7,6.83,7.5,7.17,7.33,8.67,8.67,8.67,7,0.11,0
1051,7.42,7,6.83,7.08,6.92,6.83,7.33,10,10,6.75,0.16,0
1052,7.33,7,6.5,6.08,7.58,6.33,9.33,10,9.33,6.67,0.12,0
1053,7.08,6.83,6.83,7.17,7.17,7.08,10,7.33,10,6.58,0.12,0
1054,6.83,6.83,6.67,6.83,7,6.83,9.33,8.67,10,7,0.11,0
1055,6.83,6.5,6.5,6.92,6.75,7,9.33,10,9.33,6.67,0.12,0
1056,7.92,7.58,7.17,7.58,7.33,7.17,8,8,8,6.83,0.11,0
1057,7.5,7.25,6.92,7,7.17,6.83,8,8,10,6.83,0.11,0
1058,7.17,6.92,6.67,6.83,7.25,7.75,10,6,10,6.58,0.11,0
1059,7.25,6.83,6.67,7.08,7.17,6.83,10,6.67,10,6.67,0.12,0
1060,7.17,7.17,6.83,7.17,7.42,6.67,8.67,7.33,10,6.75,0.13,0
1061,7,6.92,6.75,6.92,7.17,6.83,10,6.67,10,6.75,0.14,0
1062,7.08,6.75,6.58,7,7,6.75,8.67,8.67,10,6.42,0.17,0
1063,7.33,6.75,6.67,7.25,7.5,7,10,5.33,10,7,0.12,0
1064,7.08,7,6.83,7.5,7.33,6.83,8,7.33,10,6.75,0.12,0
1065,6.5,6.33,6.5,7.5,7.33,6.83,8.67,10,8.67,6,0.11,0
1066,7,6.58,6.67,6.83,7.08,6.83,10,6.67,10,6.67,0.14,0
1067,6.92,6.42,6.17,7.33,7.25,6.75,10,6.67,10,6.5,0.13,0
1068,7.67,7,7.17,7.58,7.33,7.33,10,2.67,10,7.08,0.12,0
1069,7,7.17,6.83,7.17,7,7.17,8,8,8,7.08,0.11,0
1070,7.08,7.08,6.92,7.08,6.92,6.92,8,8,8,6.92,0,0
1071,6.33,6.5,6.33,6.83,6.33,6.5,10,6.67,10,6.25,0.11,0
1072,6.92,6.92,6.92,6.92,7.17,7,10,2.67,10,6.58,0.12,0
1073,6.5,6.67,6.42,7.17,7.33,6.5,8,6,10,6.42,0.11,0
1074,6.92,7,6.83,6.92,7.42,6.92,6,6,10,6.75,0.12,0
1075,6.67,6.5,6.17,6.67,6.83,6.17,8,8,8,6.33,0.1,0
1076,7,6.17,6.17,6.67,6.5,6.17,8,8,8,6.5,0.1,0
1077,7,6.33,6.17,6.5,6.67,6.17,8,8,8,6.33,0.1,0
1078,7.08,6.83,6.25,7.42,7.25,6.75,10,0,10,6.75,0.11,0
1079,6.75,6.58,6.42,6.67,7.08,6.67,9.33,6,6,6.42,0.14,0
1080,7.25,6.58,6.33,6.25,6.42,6.08,6,6,6,6.17,0.13,0
1081,7.5,6.67,6.67,7.67,7.33,6.67,8,1.33,1.33,6.67,0.1,0
1082,0,0,0,0,0,0,0,0,0,0,0.12,0
